generation,maternal_age,strain,plate,well,1,2,3,4,5,6,7,8,9,10,11,12,13,14,15,16,17,18,19,20,21,22,23,24,25,26,27,28,censor
F0,NA,L5,1,A01,0,1,1,1,1,1,1,1,1,1,1,0,0,0,0,0,0,NA,NA,NA,NA,NA,NA,NA,NA,NA,NA,NA,1
F0,NA,L5,1,A02,0,1,1,1,1,1,1,1,1,1,1,0,0,0,0,0,NA,NA,NA,NA,NA,NA,NA,NA,NA,NA,NA,NA,1
F0,NA,L5,1,A03,0,1,1,1,1,1,1,1,1,1,1,1,0,0,0,0,0,NA,NA,NA,NA,NA,NA,NA,NA,NA,NA,NA,1
F0,NA,L5,1,A04,0,1,1,1,1,1,1,1,1,1,1,1,0,0,0,0,0,0,0,NA,NA,NA,NA,NA,NA,NA,NA,NA,1
F0,NA,L5,1,A05,0,1,1,1,1,1,1,1,1,1,1,0,0,0,0,0,0,0,0,0,0,NA,NA,NA,NA,NA,NA,NA,1
F0,NA,L5,1,A06,0,1,1,1,1,1,1,1,1,1,1,1,1,0,0,0,0,NA,NA,NA,NA,NA,NA,NA,NA,NA,NA,NA,1
F0,NA,L5,1,B01,0,1,1,1,1,1,1,1,1,1,1,0,0,0,0,0,0,0,0,0,0,0,0,0,NA,NA,NA,NA,1
F0,NA,L5,1,B02,0,1,1,1,1,1,1,1,1,1,1,0,0,0,0,0,NA,NA,NA,NA,NA,NA,NA,NA,NA,NA,NA,NA,1
F0,NA,L5,1,B03,0,1,1,1,1,1,1,1,1,1,0,0,0,0,0,0,0,NA,NA,NA,NA,NA,NA,NA,NA,NA,NA,NA,1
F0,NA,L5,1,B04,0,1,1,1,1,1,1,1,1,1,0,0,0,0,0,0,NA,NA,NA,NA,NA,NA,NA,NA,NA,NA,NA,NA,1
F0,NA,L5,1,B05,0,1,1,1,1,1,1,1,1,1,1,0,0,0,0,0,NA,NA,NA,NA,NA,NA,NA,NA,NA,NA,NA,NA,1
F0,NA,L5,1,B06,0,1,1,1,1,1,1,1,1,1,1,0,0,0,0,0,0,0,0,0,NA,NA,NA,NA,NA,NA,NA,NA,1
F0,NA,L5,1,C01,0,1,1,1,1,1,1,1,1,1,0,0,0,0,0,0,0,0,NA,NA,NA,NA,NA,NA,NA,NA,NA,NA,1
F0,NA,L5,1,C02,0,1,1,1,1,1,1,1,1,1,1,1,0,0,0,0,NA,NA,NA,NA,NA,NA,NA,NA,NA,NA,NA,NA,1
F0,NA,L5,1,C03,0,1,1,1,1,1,1,1,1,1,1,0,0,0,0,0,0,0,0,NA,NA,NA,NA,NA,NA,NA,NA,NA,1
F0,NA,L5,1,C04,0,1,1,1,1,1,1,1,1,1,0,0,0,0,NA,NA,NA,NA,NA,NA,NA,NA,NA,NA,NA,NA,NA,NA,1
F0,NA,L5,1,C05,0,1,1,1,1,1,1,1,1,1,0,0,0,0,0,0,NA,NA,NA,NA,NA,NA,NA,NA,NA,NA,NA,NA,1
F0,NA,L5,1,C06,0,1,1,1,1,1,1,1,1,1,1,0,0,0,0,0,0,0,NA,NA,NA,NA,NA,NA,NA,NA,NA,NA,1
F0,NA,L5,1,D01,0,1,1,1,1,1,1,1,1,1,1,0,0,0,0,0,0,0,0,NA,NA,NA,NA,NA,NA,NA,NA,NA,1
F0,NA,L5,1,D02,0,1,1,1,1,1,1,1,1,1,0,0,0,0,0,0,0,0,NA,NA,NA,NA,NA,NA,NA,NA,NA,NA,1
F0,NA,L5,1,D03,0,1,1,1,1,1,1,1,1,1,1,0,0,0,0,0,0,0,0,0,0,0,NA,NA,NA,NA,NA,NA,1
F0,NA,L5,1,D04,0,1,1,1,1,1,1,1,1,1,1,0,0,0,0,0,0,0,0,0,NA,NA,NA,NA,NA,NA,NA,NA,1
F0,NA,L5,1,D05,0,1,1,1,1,1,1,1,1,1,1,0,0,0,0,0,0,NA,NA,NA,NA,NA,NA,NA,NA,NA,NA,NA,1
F0,NA,L5,1,D06,0,1,1,1,1,1,1,1,1,1,0,0,0,0,0,0,0,NA,NA,NA,NA,NA,NA,NA,NA,NA,NA,NA,1
F0,NA,RUS-RE,1,A02,0,1,1,1,1,1,1,1,1,1,1,1,1,0,0,0,NA,NA,NA,NA,NA,NA,NA,NA,NA,NA,NA,NA,1
F0,NA,RUS-RE,1,A03,0,1,1,1,1,1,1,1,1,1,1,1,1,1,0,0,0,0,NA,NA,NA,NA,NA,NA,NA,NA,NA,NA,1
F0,NA,RUS-RE,1,A04,0,1,1,1,1,1,1,1,1,1,1,1,1,0,NA,NA,NA,NA,NA,NA,NA,NA,NA,NA,NA,NA,NA,NA,1
F0,NA,RUS-RE,1,A05,0,1,1,1,1,1,1,1,1,1,0,0,0,0,0,0,NA,NA,NA,NA,NA,NA,NA,NA,NA,NA,NA,NA,1
F0,NA,RUS-RE,1,B01,0,1,1,1,1,1,1,1,1,1,1,1,1,1,0,0,0,0,0,NA,NA,NA,NA,NA,NA,NA,NA,NA,1
F0,NA,RUS-RE,1,B02,0,1,1,1,1,1,1,1,0,NA,NA,NA,NA,NA,NA,NA,NA,NA,NA,NA,NA,NA,NA,NA,NA,NA,NA,NA,1
F0,NA,RUS-RE,1,B03,0,1,1,1,1,1,1,0,NA,NA,NA,NA,NA,NA,NA,NA,NA,NA,NA,NA,NA,NA,NA,NA,NA,NA,NA,NA,1
F0,NA,RUS-RE,1,B04,0,1,1,1,1,1,1,1,1,1,1,1,0,0,0,NA,NA,NA,NA,NA,NA,NA,NA,NA,NA,NA,NA,NA,1
F0,NA,RUS-RE,1,B06,0,1,1,1,1,1,1,1,1,1,1,1,1,1,NA,NA,NA,NA,NA,NA,NA,NA,NA,NA,NA,NA,NA,NA,1
F0,NA,RUS-RE,1,C02,0,1,1,1,1,1,1,1,1,1,1,1,1,1,1,1,1,0,0,NA,NA,NA,NA,NA,NA,NA,NA,NA,1
F0,NA,RUS-RE,1,C04,0,1,1,1,1,1,1,1,1,1,1,0,0,0,NA,NA,NA,NA,NA,NA,NA,NA,NA,NA,NA,NA,NA,NA,1
F0,NA,RUS-RE,1,D01,0,1,1,1,1,1,1,1,1,1,1,1,0,NA,NA,NA,NA,NA,NA,NA,NA,NA,NA,NA,NA,NA,NA,NA,1
F0,NA,RUS-RE,1,D02,0,1,1,1,1,1,1,1,1,1,1,1,1,0,0,0,0,0,0,NA,NA,NA,NA,NA,NA,NA,NA,NA,1
F0,NA,RUS-RE,1,D03,0,1,1,1,1,1,1,1,1,1,1,1,1,0,0,0,0,0,NA,NA,NA,NA,NA,NA,NA,NA,NA,NA,1
F0,NA,RUS-RE,1,D04,0,1,1,1,1,1,1,1,1,1,1,1,1,0,0,0,0,0,0,0,0,0,NA,NA,NA,NA,NA,NA,1
F0,NA,RUS-RE,1,D05,0,1,1,1,1,1,1,1,1,1,1,1,1,0,0,0,0,NA,NA,NA,NA,NA,NA,NA,NA,NA,NA,NA,1
F0,NA,BpL1,1,A01,0,1,1,1,1,0,0,0,0,0,NA,NA,NA,NA,NA,NA,NA,NA,NA,NA,NA,NA,NA,NA,NA,NA,NA,NA,1
F0,NA,BpL1,1,A02,0,0,1,0,0,0,0,0,0,0,NA,NA,NA,NA,NA,NA,NA,NA,NA,NA,NA,NA,NA,NA,NA,NA,NA,NA,1
F0,NA,BpL1,1,A03,0,1,1,1,1,1,0,0,NA,NA,NA,NA,NA,NA,NA,NA,NA,NA,NA,NA,NA,NA,NA,NA,NA,NA,NA,NA,1
F0,NA,BpL1,1,A04,0,1,1,1,1,1,1,1,1,1,0,NA,NA,NA,NA,NA,NA,NA,NA,NA,NA,NA,NA,NA,NA,NA,NA,NA,0
F0,NA,BpL1,1,A05,0,0,0,1,1,1,0,0,0,0,NA,NA,NA,NA,NA,NA,NA,NA,NA,NA,NA,NA,NA,NA,NA,NA,NA,NA,1
F0,NA,BpL1,1,A06,0,1,1,1,1,1,0,0,0,0,NA,NA,NA,NA,NA,NA,NA,NA,NA,NA,NA,NA,NA,NA,NA,NA,NA,NA,1
F0,NA,BpL1,1,B01,0,1,1,1,1,1,1,1,1,0,0,NA,NA,NA,NA,NA,NA,NA,NA,NA,NA,NA,NA,NA,NA,NA,NA,NA,1
F0,NA,BpL1,1,B03,0,1,1,1,1,1,1,1,1,1,0,0,0,NA,NA,NA,NA,NA,NA,NA,NA,NA,NA,NA,NA,NA,NA,NA,1
F0,NA,BpL1,1,B04,0,1,1,1,1,1,1,1,0,NA,NA,NA,NA,NA,NA,NA,NA,NA,NA,NA,NA,NA,NA,NA,NA,NA,NA,NA,1
F0,NA,BpL1,1,B05,0,1,1,1,1,1,0,0,0,NA,NA,NA,NA,NA,NA,NA,NA,NA,NA,NA,NA,NA,NA,NA,NA,NA,NA,NA,1
F0,NA,BpL1,1,B06,0,1,1,1,1,1,1,1,1,0,0,0,0,0,0,NA,NA,NA,NA,NA,NA,NA,NA,NA,NA,NA,NA,NA,1
F0,NA,BpL1,1,C01,0,1,1,1,1,1,1,1,1,1,1,1,0,0,0,NA,NA,NA,NA,NA,NA,NA,NA,NA,NA,NA,NA,NA,1
F0,NA,BpL1,1,C02,0,1,1,1,1,1,1,1,0,NA,NA,NA,NA,NA,NA,NA,NA,NA,NA,NA,NA,NA,NA,NA,NA,NA,NA,NA,1
F0,NA,BpL1,1,C04,0,1,1,1,1,1,1,1,1,0,0,NA,NA,NA,NA,NA,NA,NA,NA,NA,NA,NA,NA,NA,NA,NA,NA,NA,1
F0,NA,BpL1,1,C05,0,1,1,0,0,0,0,0,NA,NA,NA,NA,NA,NA,NA,NA,NA,NA,NA,NA,NA,NA,NA,NA,NA,NA,NA,NA,1
F0,NA,BpL1,1,C06,0,1,1,1,1,1,1,1,0,0,0,NA,NA,NA,NA,NA,NA,NA,NA,NA,NA,NA,NA,NA,NA,NA,NA,NA,1
F0,NA,BpL1,1,D01,0,1,1,1,1,1,0,0,0,NA,NA,NA,NA,NA,NA,NA,NA,NA,NA,NA,NA,NA,NA,NA,NA,NA,NA,NA,1
F0,NA,BpL1,1,D02,0,1,1,1,1,1,1,0,NA,NA,NA,NA,NA,NA,NA,NA,NA,NA,NA,NA,NA,NA,NA,NA,NA,NA,NA,NA,1
F0,NA,BpL1,1,D03,0,1,1,1,1,1,1,1,0,0,NA,NA,NA,NA,NA,NA,NA,NA,NA,NA,NA,NA,NA,NA,NA,NA,NA,NA,1
F0,NA,BpL1,1,D04,0,1,1,1,1,1,0,0,0,0,0,0,0,NA,NA,NA,NA,NA,NA,NA,NA,NA,NA,NA,NA,NA,NA,NA,1
F0,NA,BpL1,1,D05,0,1,1,1,1,1,0,NA,NA,NA,NA,NA,NA,NA,NA,NA,NA,NA,NA,NA,NA,NA,NA,NA,NA,NA,NA,NA,1
F0,NA,BpL1,1,D06,0,1,1,1,1,1,1,1,1,1,0,0,0,0,0,0,0,0,NA,NA,NA,NA,NA,NA,NA,NA,NA,NA,1
F0,NA,L5,2,A02,0,1,1,1,1,1,1,1,1,1,1,1,1,0,0,0,0,0,0,0,0,NA,NA,NA,NA,NA,NA,NA,1
F0,NA,L5,2,A03,0,1,1,1,1,1,1,1,1,1,1,1,0,0,0,0,0,0,0,0,0,0,0,NA,NA,NA,NA,NA,1
F0,NA,L5,2,A04,0,1,1,1,1,1,1,1,1,1,1,1,1,1,0,0,0,0,0,0,0,NA,NA,NA,NA,NA,NA,NA,1
F0,NA,L5,2,A05,0,1,1,1,1,1,1,1,1,1,1,1,0,0,0,0,0,0,NA,NA,NA,NA,NA,NA,NA,NA,NA,NA,1
F0,NA,L5,2,A06,0,1,1,1,1,1,1,1,1,1,1,0,0,0,0,0,0,0,0,0,NA,NA,NA,NA,NA,NA,NA,NA,1
F0,NA,L5,2,B01,0,1,1,1,1,1,1,1,1,1,1,1,1,1,0,NA,NA,NA,NA,NA,NA,NA,NA,NA,NA,NA,NA,NA,1
F0,NA,L5,2,B02,0,1,1,1,1,1,1,1,1,1,1,0,0,0,0,NA,NA,NA,NA,NA,NA,NA,NA,NA,NA,NA,NA,NA,1
F0,NA,L5,2,B03,0,1,1,1,1,1,1,1,1,0,0,0,0,0,0,NA,NA,NA,NA,NA,NA,NA,NA,NA,NA,NA,NA,NA,1
F0,NA,L5,2,B04,0,1,1,1,1,1,1,1,1,1,1,0,0,0,0,0,0,0,NA,NA,NA,NA,NA,NA,NA,NA,NA,NA,1
F0,NA,L5,2,B05,0,1,1,1,1,1,1,1,1,0,NA,NA,NA,NA,NA,NA,NA,NA,NA,NA,NA,NA,NA,NA,NA,NA,NA,NA,1
F0,NA,L5,2,B06,0,1,1,1,1,1,1,1,1,1,0,0,0,0,0,0,0,0,0,0,NA,NA,NA,NA,NA,NA,NA,NA,1
F0,NA,L5,2,C01,0,1,1,1,1,1,1,1,1,1,1,0,0,0,0,NA,NA,NA,NA,NA,NA,NA,NA,NA,NA,NA,NA,NA,1
F0,NA,L5,2,C02,0,1,1,1,1,1,1,1,1,0,0,0,0,0,0,0,0,0,0,0,NA,NA,NA,NA,NA,NA,NA,NA,1
F0,NA,L5,2,C03,0,1,1,1,1,1,1,1,1,1,1,1,0,0,0,0,0,0,0,0,NA,NA,NA,NA,NA,NA,NA,NA,1
F0,NA,L5,2,C04,0,1,1,1,1,1,1,1,1,1,1,0,0,0,0,NA,NA,NA,NA,NA,NA,NA,NA,NA,NA,NA,NA,NA,1
F0,NA,L5,2,C05,0,1,1,1,1,1,1,1,1,1,0,0,0,0,0,0,0,0,0,0,0,NA,NA,NA,NA,NA,NA,NA,1
F0,NA,L5,2,C06,0,1,1,1,1,1,1,1,1,1,1,0,0,0,0,0,0,NA,NA,NA,NA,NA,NA,NA,NA,NA,NA,NA,1
F0,NA,L5,2,D01,0,1,1,1,1,1,1,1,1,1,0,0,0,NA,NA,NA,NA,NA,NA,NA,NA,NA,NA,NA,NA,NA,NA,NA,1
F0,NA,L5,2,D02,0,1,1,1,1,1,1,1,1,1,0,0,0,0,0,0,0,NA,NA,NA,NA,NA,NA,NA,NA,NA,NA,NA,1
F0,NA,L5,2,D03,0,1,1,1,1,1,1,1,1,1,1,0,0,0,0,0,0,0,0,0,NA,NA,NA,NA,NA,NA,NA,NA,1
F0,NA,L5,2,D04,0,1,1,1,1,1,1,1,1,1,0,0,0,0,0,0,NA,NA,NA,NA,NA,NA,NA,NA,NA,NA,NA,NA,1
F0,NA,L5,2,D05,0,1,1,1,1,1,1,1,1,1,0,0,0,0,0,0,0,0,NA,NA,NA,NA,NA,NA,NA,NA,NA,NA,1
F0,NA,L5,2,D06,0,1,1,1,1,1,1,1,1,1,1,1,1,1,0,0,0,0,0,0,0,0,0,NA,NA,NA,NA,NA,1
F0,NA,RUS-RE,2,A01,0,1,1,1,1,1,1,0,NA,NA,NA,NA,NA,NA,NA,NA,NA,NA,NA,NA,NA,NA,NA,NA,NA,NA,NA,NA,1
F0,NA,RUS-RE,2,A02,0,1,1,1,1,1,1,1,1,1,1,1,1,0,NA,NA,NA,NA,NA,NA,NA,NA,NA,NA,NA,NA,NA,NA,1
F0,NA,RUS-RE,2,A03,0,1,1,1,1,1,1,1,1,1,1,1,1,1,0,NA,NA,NA,NA,NA,NA,NA,NA,NA,NA,NA,NA,NA,1
F0,NA,RUS-RE,2,A04,0,1,1,1,1,1,1,1,1,0,0,0,0,0,NA,NA,NA,NA,NA,NA,NA,NA,NA,NA,NA,NA,NA,NA,1
F0,NA,RUS-RE,2,A05,0,1,1,1,1,1,1,1,1,1,1,1,0,0,NA,NA,NA,NA,NA,NA,NA,NA,NA,NA,NA,NA,NA,NA,1
F0,NA,RUS-RE,2,A06,0,1,1,1,1,1,1,1,1,1,NA,NA,NA,NA,NA,NA,NA,NA,NA,NA,NA,NA,NA,NA,NA,NA,NA,NA,1
F0,NA,RUS-RE,2,B01,0,1,1,1,1,1,1,1,1,1,1,1,1,0,0,0,0,0,NA,NA,NA,NA,NA,NA,NA,NA,NA,NA,1
F0,NA,RUS-RE,2,B02,0,1,1,1,1,1,1,1,0,NA,NA,NA,NA,NA,NA,NA,NA,NA,NA,NA,NA,NA,NA,NA,NA,NA,NA,NA,1
F0,NA,RUS-RE,2,B03,0,1,1,1,1,1,1,1,1,1,1,1,1,1,1,1,1,0,0,0,NA,NA,NA,NA,NA,NA,NA,NA,1
F0,NA,RUS-RE,2,B04,0,1,1,1,1,1,1,1,1,1,1,1,1,1,1,0,0,0,0,0,0,NA,NA,NA,NA,NA,NA,NA,1
F0,NA,RUS-RE,2,B05,0,1,1,1,1,1,1,NA,NA,NA,NA,NA,NA,NA,NA,NA,NA,NA,NA,NA,NA,NA,NA,NA,NA,NA,NA,NA,1
F0,NA,RUS-RE,2,C01,0,1,1,1,1,1,1,1,1,1,1,1,1,1,0,0,0,0,0,0,0,NA,NA,NA,NA,NA,NA,NA,1
F0,NA,RUS-RE,2,C02,0,1,1,1,1,1,1,1,1,1,1,1,0,NA,NA,NA,NA,NA,NA,NA,NA,NA,NA,NA,NA,NA,NA,NA,1
F0,NA,RUS-RE,2,C05,0,1,1,1,1,1,1,1,1,1,1,1,1,0,0,0,0,0,0,0,0,0,0,NA,NA,NA,NA,NA,1
F0,NA,RUS-RE,2,C06,0,1,1,1,1,1,1,1,1,1,1,1,1,0,0,NA,NA,NA,NA,NA,NA,NA,NA,NA,NA,NA,NA,NA,1
F0,NA,RUS-RE,2,D01,0,1,1,1,1,1,1,1,1,1,1,1,1,1,1,1,NA,NA,NA,NA,NA,NA,NA,NA,NA,NA,NA,NA,1
F0,NA,RUS-RE,2,D02,0,1,1,1,1,1,1,NA,NA,NA,NA,NA,NA,NA,NA,NA,NA,NA,NA,NA,NA,NA,NA,NA,NA,NA,NA,NA,1
F0,NA,RUS-RE,2,D04,0,1,1,1,1,1,1,NA,NA,NA,NA,NA,NA,NA,NA,NA,NA,NA,NA,NA,NA,NA,NA,NA,NA,NA,NA,NA,1
F0,NA,RUS-RE,2,D06,0,1,1,1,1,1,1,1,1,1,1,1,1,1,1,1,0,0,0,NA,NA,NA,NA,NA,NA,NA,NA,NA,1
F0,NA,BpL1,2,A01,0,1,1,1,1,1,1,1,0,0,0,0,0,0,0,NA,NA,NA,NA,NA,NA,NA,NA,NA,NA,NA,NA,NA,1
F0,NA,BpL1,2,A02,0,1,1,1,1,0,NA,NA,NA,NA,NA,NA,NA,NA,NA,NA,NA,NA,NA,NA,NA,NA,NA,NA,NA,NA,NA,NA,1
F0,NA,BpL1,2,A03,0,1,1,1,1,1,1,1,1,1,NA,NA,NA,NA,NA,NA,NA,NA,NA,NA,NA,NA,NA,NA,NA,NA,NA,NA,1
F0,NA,BpL1,2,A04,0,1,1,1,1,1,1,1,1,1,1,0,NA,NA,NA,NA,NA,NA,NA,NA,NA,NA,NA,NA,NA,NA,NA,NA,1
F0,NA,BpL1,2,A05,0,1,1,1,1,1,1,1,1,0,0,0,0,0,0,0,0,NA,NA,NA,NA,NA,NA,NA,NA,NA,NA,NA,1
F0,NA,BpL1,2,A06,0,1,1,1,1,0,0,0,0,0,NA,NA,NA,NA,NA,NA,NA,NA,NA,NA,NA,NA,NA,NA,NA,NA,NA,NA,1
F0,NA,BpL1,2,B01,0,1,1,1,1,1,0,NA,NA,NA,NA,NA,NA,NA,NA,NA,NA,NA,NA,NA,NA,NA,NA,NA,NA,NA,NA,NA,1
F0,NA,BpL1,2,B02,0,1,1,1,1,1,1,1,1,1,1,0,NA,NA,NA,NA,NA,NA,NA,NA,NA,NA,NA,NA,NA,NA,NA,NA,1
F0,NA,BpL1,2,B03,0,1,1,1,1,1,1,1,1,0,0,0,0,NA,NA,NA,NA,NA,NA,NA,NA,NA,NA,NA,NA,NA,NA,NA,1
F0,NA,BpL1,2,B04,0,1,1,0,0,0,0,0,NA,NA,NA,NA,NA,NA,NA,NA,NA,NA,NA,NA,NA,NA,NA,NA,NA,NA,NA,NA,1
F0,NA,BpL1,2,B05,0,1,1,1,1,1,1,1,1,1,0,0,0,0,0,0,0,NA,NA,NA,NA,NA,NA,NA,NA,NA,NA,NA,1
F0,NA,BpL1,2,B06,0,1,1,1,1,1,1,0,NA,NA,NA,NA,NA,NA,NA,NA,NA,NA,NA,NA,NA,NA,NA,NA,NA,NA,NA,NA,1
F0,NA,BpL1,2,C01,0,1,1,1,1,1,1,NA,NA,NA,NA,NA,NA,NA,NA,NA,NA,NA,NA,NA,NA,NA,NA,NA,NA,NA,NA,NA,0
F0,NA,BpL1,2,C02,0,1,1,1,1,1,1,1,1,1,1,0,0,0,0,0,NA,NA,NA,NA,NA,NA,NA,NA,NA,NA,NA,NA,1
F0,NA,BpL1,2,C03,0,1,1,1,1,1,1,1,0,0,NA,NA,NA,NA,NA,NA,NA,NA,NA,NA,NA,NA,NA,NA,NA,NA,NA,NA,1
F0,NA,BpL1,2,C05,0,1,1,1,1,1,1,1,1,0,0,0,0,NA,NA,NA,NA,NA,NA,NA,NA,NA,NA,NA,NA,NA,NA,NA,1
F0,NA,BpL1,2,C06,0,1,1,1,1,1,1,1,0,0,0,NA,NA,NA,NA,NA,NA,NA,NA,NA,NA,NA,NA,NA,NA,NA,NA,NA,1
F0,NA,BpL1,2,D01,0,1,1,1,1,1,1,1,1,1,1,1,0,0,0,0,0,NA,NA,NA,NA,NA,NA,NA,NA,NA,NA,NA,1
F0,NA,BpL1,2,D02,0,1,1,1,1,1,1,1,1,1,1,1,1,1,1,0,0,0,0,NA,NA,NA,NA,NA,NA,NA,NA,NA,1
F0,NA,BpL1,2,D03,0,1,1,0,0,0,0,0,0,NA,NA,NA,NA,NA,NA,NA,NA,NA,NA,NA,NA,NA,NA,NA,NA,NA,NA,NA,1
F0,NA,BpL1,2,D05,0,1,1,1,1,1,1,1,1,1,1,1,0,0,0,0,0,0,NA,NA,NA,NA,NA,NA,NA,NA,NA,NA,1
F0,NA,BpL1,2,D06,0,1,1,1,0,0,0,0,NA,NA,NA,NA,NA,NA,NA,NA,NA,NA,NA,NA,NA,NA,NA,NA,NA,NA,NA,NA,1
F0,NA,L5,3,A01,0,1,1,1,1,1,1,1,1,1,1,0,0,0,0,0,0,0,NA,NA,NA,NA,NA,NA,NA,NA,NA,NA,1
F0,NA,L5,3,A02,0,1,1,1,1,1,1,1,1,1,0,0,0,0,0,0,NA,NA,NA,NA,NA,NA,NA,NA,NA,NA,NA,NA,1
F0,NA,L5,3,A03,0,1,1,1,1,1,1,1,1,1,1,1,0,0,0,0,0,0,NA,NA,NA,NA,NA,NA,NA,NA,NA,NA,1
F0,NA,L5,3,A04,0,1,1,1,1,1,1,1,1,1,1,0,0,0,0,0,0,0,0,0,0,NA,NA,NA,NA,NA,NA,NA,1
F0,NA,L5,3,A05,0,1,1,1,1,1,1,1,1,1,1,0,NA,NA,NA,NA,NA,NA,NA,NA,NA,NA,NA,NA,NA,NA,NA,NA,1
F0,NA,L5,3,A06,0,1,1,1,1,1,1,1,1,1,0,0,NA,NA,NA,NA,NA,NA,NA,NA,NA,NA,NA,NA,NA,NA,NA,NA,1
F0,NA,L5,3,B01,0,1,1,1,1,1,1,1,1,1,1,1,0,0,0,0,NA,NA,NA,NA,NA,NA,NA,NA,NA,NA,NA,NA,1
F0,NA,L5,3,B02,0,1,1,1,1,1,1,1,1,0,0,0,0,0,0,0,NA,NA,NA,NA,NA,NA,NA,NA,NA,NA,NA,NA,1
F0,NA,L5,3,B04,0,1,1,1,1,1,1,1,1,1,0,0,0,0,0,0,0,0,0,NA,NA,NA,NA,NA,NA,NA,NA,NA,1
F0,NA,L5,3,B05,0,1,1,1,1,1,1,1,1,0,0,0,0,0,0,0,NA,NA,NA,NA,NA,NA,NA,NA,NA,NA,NA,NA,1
F0,NA,L5,3,B06,0,1,1,1,1,1,1,1,1,1,1,1,0,0,0,0,0,0,0,NA,NA,NA,NA,NA,NA,NA,NA,NA,1
F0,NA,L5,3,C01,0,1,1,1,1,1,1,1,1,1,1,1,0,0,0,0,0,NA,NA,NA,NA,NA,NA,NA,NA,NA,NA,NA,1
F0,NA,L5,3,C02,0,1,1,1,1,1,1,1,1,0,0,0,0,0,0,NA,NA,NA,NA,NA,NA,NA,NA,NA,NA,NA,NA,NA,1
F0,NA,L5,3,C03,0,1,1,1,1,1,1,1,1,0,0,0,0,0,0,0,0,0,NA,NA,NA,NA,NA,NA,NA,NA,NA,NA,1
F0,NA,L5,3,C04,0,1,1,1,1,1,NA,NA,NA,NA,NA,NA,NA,NA,NA,NA,NA,NA,NA,NA,NA,NA,NA,NA,NA,NA,NA,NA,0
F0,NA,L5,3,C05,0,1,1,1,1,1,1,1,1,0,0,0,0,0,0,NA,NA,NA,NA,NA,NA,NA,NA,NA,NA,NA,NA,NA,1
F0,NA,L5,3,C06,0,1,1,1,1,1,1,1,1,1,0,0,0,0,0,0,NA,NA,NA,NA,NA,NA,NA,NA,NA,NA,NA,NA,1
F0,NA,L5,3,D01,0,1,1,1,1,1,1,1,1,1,0,0,0,0,0,NA,NA,NA,NA,NA,NA,NA,NA,NA,NA,NA,NA,NA,1
F0,NA,L5,3,D02,0,1,1,1,1,1,1,1,1,1,1,1,0,0,0,0,0,0,NA,NA,NA,NA,NA,NA,NA,NA,NA,NA,1
F0,NA,L5,3,D03,0,1,1,1,1,1,1,1,1,1,1,1,0,0,0,0,0,0,0,NA,NA,NA,NA,NA,NA,NA,NA,NA,1
F0,NA,L5,3,D04,0,1,1,1,1,1,1,0,0,0,0,0,0,0,0,0,0,0,0,0,0,0,0,NA,NA,NA,NA,NA,1
F0,NA,L5,3,D05,0,1,1,1,1,1,1,1,1,1,1,1,0,0,0,0,0,0,0,0,0,0,0,NA,NA,NA,NA,NA,1
F0,NA,L5,3,D06,0,1,1,1,1,1,1,1,1,1,1,1,1,1,1,1,0,0,NA,NA,NA,NA,NA,NA,NA,NA,NA,NA,1
F0,NA,RUS-RE,3,A01,0,1,1,1,1,1,1,1,1,1,1,0,NA,NA,NA,NA,NA,NA,NA,NA,NA,NA,NA,NA,NA,NA,NA,NA,1
F0,NA,RUS-RE,3,A02,0,1,1,1,1,1,1,1,0,NA,NA,NA,NA,NA,NA,NA,NA,NA,NA,NA,NA,NA,NA,NA,NA,NA,NA,NA,1
F0,NA,RUS-RE,3,A03,0,1,1,1,1,1,1,0,NA,NA,NA,NA,NA,NA,NA,NA,NA,NA,NA,NA,NA,NA,NA,NA,NA,NA,NA,NA,1
F0,NA,RUS-RE,3,A04,0,1,1,1,1,0,0,NA,NA,NA,NA,NA,NA,NA,NA,NA,NA,NA,NA,NA,NA,NA,NA,NA,NA,NA,NA,NA,1
F0,NA,RUS-RE,3,A05,0,1,1,1,1,1,1,0,NA,NA,NA,NA,NA,NA,NA,NA,NA,NA,NA,NA,NA,NA,NA,NA,NA,NA,NA,NA,1
F0,NA,RUS-RE,3,A06,0,1,1,1,1,1,1,1,1,1,1,1,1,0,0,0,0,0,0,NA,NA,NA,NA,NA,NA,NA,NA,NA,1
F0,NA,RUS-RE,3,B01,0,1,1,1,1,1,1,1,1,1,1,1,0,0,0,NA,NA,NA,NA,NA,NA,NA,NA,NA,NA,NA,NA,NA,1
F0,NA,RUS-RE,3,B02,0,1,1,1,1,1,1,1,1,1,0,0,NA,NA,NA,NA,NA,NA,NA,NA,NA,NA,NA,NA,NA,NA,NA,NA,1
F0,NA,RUS-RE,3,B03,0,1,1,1,1,1,1,1,1,0,NA,NA,NA,NA,NA,NA,NA,NA,NA,NA,NA,NA,NA,NA,NA,NA,NA,NA,1
F0,NA,RUS-RE,3,B06,0,1,1,1,1,1,1,1,1,0,0,NA,NA,NA,NA,NA,NA,NA,NA,NA,NA,NA,NA,NA,NA,NA,NA,NA,1
F0,NA,RUS-RE,3,C01,0,1,1,1,1,1,1,1,1,1,1,1,1,1,0,0,0,NA,NA,NA,NA,NA,NA,NA,NA,NA,NA,NA,1
F0,NA,RUS-RE,3,C02,0,1,1,1,1,1,1,1,1,1,0,0,NA,NA,NA,NA,NA,NA,NA,NA,NA,NA,NA,NA,NA,NA,NA,NA,1
F0,NA,RUS-RE,3,C03,0,1,1,1,1,1,1,1,1,1,1,1,1,0,0,0,0,0,0,0,0,NA,NA,NA,NA,NA,NA,NA,1
F0,NA,RUS-RE,3,C04,0,1,1,1,1,1,1,1,0,NA,NA,NA,NA,NA,NA,NA,NA,NA,NA,NA,NA,NA,NA,NA,NA,NA,NA,NA,1
F0,NA,RUS-RE,3,C06,0,1,1,1,1,1,1,0,NA,NA,NA,NA,NA,NA,NA,NA,NA,NA,NA,NA,NA,NA,NA,NA,NA,NA,NA,NA,1
F0,NA,RUS-RE,3,D01,0,0,1,1,1,1,1,1,1,1,1,1,0,0,0,0,0,0,0,0,0,NA,NA,NA,NA,NA,NA,NA,1
F0,NA,RUS-RE,3,D02,0,1,1,1,1,1,1,1,1,1,1,1,0,NA,NA,NA,NA,NA,NA,NA,NA,NA,NA,NA,NA,NA,NA,NA,1
F0,NA,RUS-RE,3,D03,0,1,1,1,1,1,1,1,1,1,1,1,1,0,NA,NA,NA,NA,NA,NA,NA,NA,NA,NA,NA,NA,NA,NA,1
F0,NA,RUS-RE,3,D04,0,1,1,1,1,1,1,1,1,1,1,0,NA,NA,NA,NA,NA,NA,NA,NA,NA,NA,NA,NA,NA,NA,NA,NA,1
F0,NA,RUS-RE,3,D06,0,1,1,1,1,1,0,NA,NA,NA,NA,NA,NA,NA,NA,NA,NA,NA,NA,NA,NA,NA,NA,NA,NA,NA,NA,NA,1
F0,NA,BpL1,3,A02,0,1,1,1,1,1,1,0,NA,NA,NA,NA,NA,NA,NA,NA,NA,NA,NA,NA,NA,NA,NA,NA,NA,NA,NA,NA,1
F0,NA,BpL1,3,A03,0,0,0,0,1,1,1,1,1,0,0,NA,NA,NA,NA,NA,NA,NA,NA,NA,NA,NA,NA,NA,NA,NA,NA,NA,1
F0,NA,BpL1,3,A05,0,1,1,1,1,1,1,0,0,0,0,NA,NA,NA,NA,NA,NA,NA,NA,NA,NA,NA,NA,NA,NA,NA,NA,NA,0
F0,NA,BpL1,3,A06,0,1,1,1,1,0,NA,NA,NA,NA,NA,NA,NA,NA,NA,NA,NA,NA,NA,NA,NA,NA,NA,NA,NA,NA,NA,NA,1
F0,NA,BpL1,3,B01,0,1,1,1,1,1,1,1,0,0,NA,NA,NA,NA,NA,NA,NA,NA,NA,NA,NA,NA,NA,NA,NA,NA,NA,NA,1
F0,NA,BpL1,3,B02,0,1,1,1,1,1,1,NA,NA,NA,NA,NA,NA,NA,NA,NA,NA,NA,NA,NA,NA,NA,NA,NA,NA,NA,NA,NA,0
F0,NA,BpL1,3,B03,0,1,1,1,0,NA,NA,NA,NA,NA,NA,NA,NA,NA,NA,NA,NA,NA,NA,NA,NA,NA,NA,NA,NA,NA,NA,NA,1
F0,NA,BpL1,3,B04,0,1,1,1,1,1,1,0,0,NA,NA,NA,NA,NA,NA,NA,NA,NA,NA,NA,NA,NA,NA,NA,NA,NA,NA,NA,1
F0,NA,BpL1,3,B06,0,1,1,1,1,1,0,NA,NA,NA,NA,NA,NA,NA,NA,NA,NA,NA,NA,NA,NA,NA,NA,NA,NA,NA,NA,NA,1
F0,NA,BpL1,3,C01,0,1,1,0,0,0,0,0,0,NA,NA,NA,NA,NA,NA,NA,NA,NA,NA,NA,NA,NA,NA,NA,NA,NA,NA,NA,1
F0,NA,BpL1,3,C02,0,0,1,1,1,1,1,1,0,0,0,0,0,NA,NA,NA,NA,NA,NA,NA,NA,NA,NA,NA,NA,NA,NA,NA,1
F0,NA,BpL1,3,C03,0,1,1,1,1,1,1,1,1,1,1,0,NA,NA,NA,NA,NA,NA,NA,NA,NA,NA,NA,NA,NA,NA,NA,NA,1
F0,NA,BpL1,3,C04,0,1,1,1,1,1,1,1,1,1,1,NA,NA,NA,NA,NA,NA,NA,NA,NA,NA,NA,NA,NA,NA,NA,NA,NA,0
F0,NA,BpL1,3,C05,0,1,1,1,1,1,1,1,1,1,0,0,0,0,NA,NA,NA,NA,NA,NA,NA,NA,NA,NA,NA,NA,NA,NA,1
F0,NA,BpL1,3,C06,0,1,1,1,1,1,1,1,1,1,1,NA,NA,NA,NA,NA,NA,NA,NA,NA,NA,NA,NA,NA,NA,NA,NA,NA,0
F0,NA,BpL1,3,D01,0,1,1,1,1,1,0,0,0,0,0,0,0,0,0,NA,NA,NA,NA,NA,NA,NA,NA,NA,NA,NA,NA,NA,1
F0,NA,BpL1,3,D02,0,1,1,1,1,NA,NA,NA,NA,NA,NA,NA,NA,NA,NA,NA,NA,NA,NA,NA,NA,NA,NA,NA,NA,NA,NA,NA,0
F0,NA,BpL1,3,D03,0,1,1,1,1,0,0,0,0,0,NA,NA,NA,NA,NA,NA,NA,NA,NA,NA,NA,NA,NA,NA,NA,NA,NA,NA,1
F0,NA,BpL1,3,D04,0,0,0,0,0,0,0,0,NA,NA,NA,NA,NA,NA,NA,NA,NA,NA,NA,NA,NA,NA,NA,NA,NA,NA,NA,NA,1
F0,NA,BpL1,3,D05,0,1,1,1,1,1,1,1,0,0,NA,NA,NA,NA,NA,NA,NA,NA,NA,NA,NA,NA,NA,NA,NA,NA,NA,NA,1
F0,NA,BpL1,3,D06,0,1,1,1,1,1,1,0,NA,NA,NA,NA,NA,NA,NA,NA,NA,NA,NA,NA,NA,NA,NA,NA,NA,NA,NA,NA,1
F1,young,L5,1,A01,1,1,1,1,1,1,1,1,1,1,1,0,0,0,0,0,0,0,0,0,0,0,NA,NA,NA,NA,NA,NA,1
F1,young,L5,1,A02,1,1,1,1,1,1,1,1,1,1,1,0,0,0,0,0,0,0,NA,NA,NA,NA,NA,NA,NA,NA,NA,NA,1
F1,young,L5,1,A03,1,1,1,1,1,1,1,0,0,0,0,0,0,0,0,0,NA,NA,NA,NA,NA,NA,NA,NA,NA,NA,NA,NA,1
F1,young,L5,1,A04,1,1,1,1,1,1,1,1,1,1,1,1,0,0,0,0,0,NA,NA,NA,NA,NA,NA,NA,NA,NA,NA,NA,1
F1,young,L5,1,A05,1,1,1,1,1,1,1,1,1,1,1,1,0,0,0,0,NA,NA,NA,NA,NA,NA,NA,NA,NA,NA,NA,NA,1
F1,young,L5,1,A06,1,1,1,1,1,1,1,1,1,1,0,0,0,0,0,0,0,NA,NA,NA,NA,NA,NA,NA,NA,NA,NA,NA,1
F1,young,L5,1,B01,1,1,1,1,1,1,1,1,1,0,0,0,0,NA,NA,NA,NA,NA,NA,NA,NA,NA,NA,NA,NA,NA,NA,NA,1
F1,young,L5,1,B02,1,1,1,1,1,1,1,1,1,1,0,0,0,0,0,0,0,NA,NA,NA,NA,NA,NA,NA,NA,NA,NA,NA,1
F1,young,L5,1,B03,1,1,1,1,1,1,1,1,1,1,0,0,0,NA,NA,NA,NA,NA,NA,NA,NA,NA,NA,NA,NA,NA,NA,NA,1
F1,young,L5,1,B04,1,1,1,1,1,1,1,1,1,0,0,0,0,0,0,NA,NA,NA,NA,NA,NA,NA,NA,NA,NA,NA,NA,NA,1
F1,young,L5,1,B05,1,1,1,1,1,1,1,1,1,1,1,0,0,0,0,0,0,0,0,0,0,0,0,NA,NA,NA,NA,NA,1
F1,young,L5,1,B06,1,1,1,1,1,1,1,1,1,1,1,0,0,0,0,0,0,0,NA,NA,NA,NA,NA,NA,NA,NA,NA,NA,1
F1,young,L5,1,C01,1,1,1,1,1,1,1,1,1,1,1,0,0,0,0,0,0,0,0,0,NA,NA,NA,NA,NA,NA,NA,NA,1
F1,young,L5,1,C02,0,1,1,1,1,1,1,1,1,0,0,0,0,0,0,NA,NA,NA,NA,NA,NA,NA,NA,NA,NA,NA,NA,NA,1
F1,young,L5,1,C03,1,1,1,1,1,1,0,0,0,0,0,0,0,0,0,0,0,NA,NA,NA,NA,NA,NA,NA,NA,NA,NA,NA,1
F1,young,L5,1,C04,1,1,1,1,1,1,1,1,1,1,1,0,0,0,0,0,NA,NA,NA,NA,NA,NA,NA,NA,NA,NA,NA,NA,1
F1,young,L5,1,C05,1,1,1,1,1,1,1,1,0,0,0,0,0,NA,NA,NA,NA,NA,NA,NA,NA,NA,NA,NA,NA,NA,NA,NA,1
F1,young,L5,1,C06,1,1,1,1,1,1,1,1,1,0,0,0,0,0,0,0,0,0,0,0,0,0,NA,NA,NA,NA,NA,NA,1
F1,young,L5,1,D01,1,1,1,1,1,1,1,1,1,1,0,0,0,0,0,0,0,0,NA,NA,NA,NA,NA,NA,NA,NA,NA,NA,1
F1,young,L5,1,D02,0,1,1,1,1,1,1,1,1,1,1,0,0,0,0,0,0,0,0,0,NA,NA,NA,NA,NA,NA,NA,NA,1
F1,young,L5,1,D03,1,1,1,1,1,1,1,1,1,0,0,0,0,0,0,0,0,0,0,0,0,0,NA,NA,NA,NA,NA,NA,1
F1,young,L5,1,D04,1,1,1,1,1,1,1,1,1,1,1,1,1,0,0,0,NA,NA,NA,NA,NA,NA,NA,NA,NA,NA,NA,NA,1
F1,young,L5,1,D05,1,1,1,1,1,1,1,1,1,1,0,0,0,0,0,0,0,0,0,NA,NA,NA,NA,NA,NA,NA,NA,NA,1
F1,young,L5,1,D06,1,1,1,1,1,1,1,1,1,0,0,0,0,0,0,0,NA,NA,NA,NA,NA,NA,NA,NA,NA,NA,NA,NA,1
F1,young,RUS-RE,1,A01,1,1,1,1,1,1,1,1,1,1,1,1,1,1,0,0,0,0,NA,NA,NA,NA,NA,NA,NA,NA,NA,NA,1
F1,young,RUS-RE,1,A02,1,1,1,1,1,1,1,1,1,1,1,1,1,0,0,0,0,0,0,0,0,NA,NA,NA,NA,NA,NA,NA,1
F1,young,RUS-RE,1,A03,1,1,1,1,1,1,1,1,1,1,1,1,1,0,0,0,0,0,NA,NA,NA,NA,NA,NA,NA,NA,NA,NA,1
F1,young,RUS-RE,1,A04,1,1,1,1,1,1,1,1,1,1,1,1,1,1,1,1,1,NA,NA,NA,NA,NA,NA,NA,NA,NA,NA,NA,1
F1,young,RUS-RE,1,A05,1,1,1,1,1,1,1,1,1,1,1,1,0,0,0,0,0,0,0,0,0,NA,NA,NA,NA,NA,NA,NA,1
F1,young,RUS-RE,1,A06,1,1,1,1,1,1,1,1,1,0,NA,NA,NA,NA,NA,NA,NA,NA,NA,NA,NA,NA,NA,NA,NA,NA,NA,NA,1
F1,young,RUS-RE,1,B01,1,1,1,1,1,0,0,NA,NA,NA,NA,NA,NA,NA,NA,NA,NA,NA,NA,NA,NA,NA,NA,NA,NA,NA,NA,NA,1
F1,young,RUS-RE,1,B02,1,1,1,1,1,1,1,1,1,1,1,1,1,0,0,0,0,0,0,0,0,0,0,0,0,0,NA,NA,1
F1,young,RUS-RE,1,B06,1,1,1,1,1,1,1,1,1,1,1,1,1,0,0,0,0,0,0,NA,NA,NA,NA,NA,NA,NA,NA,NA,1
F1,young,RUS-RE,1,C01,1,1,1,1,1,1,1,1,1,1,1,1,0,0,0,0,0,0,0,0,NA,NA,NA,NA,NA,NA,NA,NA,1
F1,young,RUS-RE,1,C02,1,1,1,1,1,1,1,1,1,1,1,1,0,0,0,NA,NA,NA,NA,NA,NA,NA,NA,NA,NA,NA,NA,NA,1
F1,young,RUS-RE,1,C03,1,1,1,1,1,1,1,1,1,0,NA,NA,NA,NA,NA,NA,NA,NA,NA,NA,NA,NA,NA,NA,NA,NA,NA,NA,1
F1,young,RUS-RE,1,C05,1,1,1,1,1,1,1,1,1,1,1,1,1,1,0,0,0,0,0,0,0,0,0,0,NA,NA,NA,NA,1
F1,young,RUS-RE,1,C06,1,1,1,1,1,1,1,1,1,1,1,0,0,0,0,0,0,NA,NA,NA,NA,NA,NA,NA,NA,NA,NA,NA,1
F1,young,RUS-RE,1,D02,1,1,1,1,1,1,1,1,1,1,1,1,0,NA,NA,NA,NA,NA,NA,NA,NA,NA,NA,NA,NA,NA,NA,NA,1
F1,young,RUS-RE,1,D03,1,1,1,1,1,1,1,1,1,1,0,0,0,0,0,0,0,0,0,0,0,0,NA,NA,NA,NA,NA,NA,1
F1,young,RUS-RE,1,D04,1,1,1,1,1,1,1,0,0,NA,NA,NA,NA,NA,NA,NA,NA,NA,NA,NA,NA,NA,NA,NA,NA,NA,NA,NA,1
F1,young,RUS-RE,1,D05,1,1,1,1,1,1,1,1,1,1,1,0,NA,NA,NA,NA,NA,NA,NA,NA,NA,NA,NA,NA,NA,NA,NA,NA,1
F1,young,RUS-RE,1,D06,1,1,1,1,1,1,1,1,1,1,1,1,0,NA,NA,NA,NA,NA,NA,NA,NA,NA,NA,NA,NA,NA,NA,NA,1
F1,young,BpL1,1,A02,0,1,1,1,1,0,0,NA,NA,NA,NA,NA,NA,NA,NA,NA,NA,NA,NA,NA,NA,NA,NA,NA,NA,NA,NA,NA,1
F1,young,BpL1,1,A03,0,1,1,1,1,1,1,1,0,0,0,0,0,NA,NA,NA,NA,NA,NA,NA,NA,NA,NA,NA,NA,NA,NA,NA,1
F1,young,BpL1,1,A04,0,1,1,1,1,1,0,NA,NA,NA,NA,NA,NA,NA,NA,NA,NA,NA,NA,NA,NA,NA,NA,NA,NA,NA,NA,NA,1
F1,young,BpL1,1,A05,0,1,1,1,1,1,1,1,0,NA,NA,NA,NA,NA,NA,NA,NA,NA,NA,NA,NA,NA,NA,NA,NA,NA,NA,NA,1
F1,young,BpL1,1,A06,0,1,1,1,1,1,1,1,1,1,1,0,0,0,NA,NA,NA,NA,NA,NA,NA,NA,NA,NA,NA,NA,NA,NA,1
F1,young,BpL1,1,B01,0,1,1,1,1,1,1,1,1,1,1,0,0,NA,NA,NA,NA,NA,NA,NA,NA,NA,NA,NA,NA,NA,NA,NA,1
F1,young,BpL1,1,B02,0,1,1,1,1,0,0,0,NA,NA,NA,NA,NA,NA,NA,NA,NA,NA,NA,NA,NA,NA,NA,NA,NA,NA,NA,NA,1
F1,young,BpL1,1,B03,0,1,1,1,1,1,1,1,1,1,0,0,0,0,0,0,NA,NA,NA,NA,NA,NA,NA,NA,NA,NA,NA,NA,1
F1,young,BpL1,1,B04,0,1,1,1,1,1,1,1,1,1,1,NA,NA,NA,NA,NA,NA,NA,NA,NA,NA,NA,NA,NA,NA,NA,NA,NA,1
F1,young,BpL1,1,B05,0,1,1,1,1,1,1,1,1,1,0,0,0,0,0,0,0,0,0,NA,NA,NA,NA,NA,NA,NA,NA,NA,1
F1,young,BpL1,1,C01,0,1,1,1,1,1,0,NA,NA,NA,NA,NA,NA,NA,NA,NA,NA,NA,NA,NA,NA,NA,NA,NA,NA,NA,NA,NA,1
F1,young,BpL1,1,C02,0,0,0,0,0,NA,NA,NA,NA,NA,NA,NA,NA,NA,NA,NA,NA,NA,NA,NA,NA,NA,NA,NA,NA,NA,NA,NA,1
F1,young,BpL1,1,C03,0,1,1,1,0,NA,NA,NA,NA,NA,NA,NA,NA,NA,NA,NA,NA,NA,NA,NA,NA,NA,NA,NA,NA,NA,NA,NA,1
F1,young,BpL1,1,C04,0,0,0,0,NA,NA,NA,NA,NA,NA,NA,NA,NA,NA,NA,NA,NA,NA,NA,NA,NA,NA,NA,NA,NA,NA,NA,NA,1
F1,young,BpL1,1,C05,0,1,1,1,1,1,0,0,NA,NA,NA,NA,NA,NA,NA,NA,NA,NA,NA,NA,NA,NA,NA,NA,NA,NA,NA,NA,1
F1,young,BpL1,1,C06,0,1,1,1,1,1,0,0,0,0,NA,NA,NA,NA,NA,NA,NA,NA,NA,NA,NA,NA,NA,NA,NA,NA,NA,NA,1
F1,young,BpL1,1,D01,0,1,1,0,0,0,0,0,0,0,0,0,0,0,NA,NA,NA,NA,NA,NA,NA,NA,NA,NA,NA,NA,NA,NA,1
F1,young,BpL1,1,D02,0,1,1,1,1,1,1,1,1,0,0,0,0,NA,NA,NA,NA,NA,NA,NA,NA,NA,NA,NA,NA,NA,NA,NA,1
F1,young,BpL1,1,D03,0,0,0,0,0,NA,NA,NA,NA,NA,NA,NA,NA,NA,NA,NA,NA,NA,NA,NA,NA,NA,NA,NA,NA,NA,NA,NA,1
F1,young,BpL1,1,D04,0,1,0,0,0,0,0,NA,NA,NA,NA,NA,NA,NA,NA,NA,NA,NA,NA,NA,NA,NA,NA,NA,NA,NA,NA,NA,1
F1,young,BpL1,1,D05,0,1,1,1,1,1,1,1,1,0,0,0,0,NA,NA,NA,NA,NA,NA,NA,NA,NA,NA,NA,NA,NA,NA,NA,1
F1,young,BpL1,1,D06,0,1,1,1,1,1,1,1,1,1,0,0,0,0,NA,NA,NA,NA,NA,NA,NA,NA,NA,NA,NA,NA,NA,NA,1
F1,young,L5,2,A01,1,1,1,1,1,1,1,1,1,1,0,0,0,0,0,0,0,0,0,0,0,0,NA,NA,NA,NA,NA,NA,1
F1,young,L5,2,A02,1,1,1,1,1,1,1,1,1,1,1,0,0,0,0,0,0,0,0,0,NA,NA,NA,NA,NA,NA,NA,NA,1
F1,young,L5,2,A03,1,1,1,1,1,1,1,1,1,1,1,1,1,0,0,0,NA,NA,NA,NA,NA,NA,NA,NA,NA,NA,NA,NA,1
F1,young,L5,2,A04,1,1,1,1,1,1,1,1,1,1,1,0,0,0,0,0,0,0,0,0,NA,NA,NA,NA,NA,NA,NA,NA,1
F1,young,L5,2,A05,1,1,1,1,1,1,1,1,1,1,0,0,0,0,0,0,0,0,0,0,0,NA,NA,NA,NA,NA,NA,NA,1
F1,young,L5,2,A06,1,1,1,1,1,1,1,1,1,0,0,0,0,0,NA,NA,NA,NA,NA,NA,NA,NA,NA,NA,NA,NA,NA,NA,1
F1,young,L5,2,B01,0,1,1,1,1,1,1,1,1,0,0,0,0,0,0,0,0,NA,NA,NA,NA,NA,NA,NA,NA,NA,NA,NA,1
F1,young,L5,2,B02,1,1,1,1,1,1,1,1,1,0,0,0,0,0,0,NA,NA,NA,NA,NA,NA,NA,NA,NA,NA,NA,NA,NA,1
F1,young,L5,2,B03,1,1,1,1,1,1,1,1,1,1,1,0,0,0,0,0,NA,NA,NA,NA,NA,NA,NA,NA,NA,NA,NA,NA,1
F1,young,L5,2,B04,1,1,1,1,1,1,1,1,1,1,1,1,0,0,0,0,0,0,0,NA,NA,NA,NA,NA,NA,NA,NA,NA,1
F1,young,L5,2,B05,1,1,1,1,1,1,1,1,1,1,0,0,0,0,0,0,0,0,0,0,NA,NA,NA,NA,NA,NA,NA,NA,1
F1,young,L5,2,B06,1,1,1,1,1,1,1,1,1,0,0,0,0,0,NA,NA,NA,NA,NA,NA,NA,NA,NA,NA,NA,NA,NA,NA,1
F1,young,L5,2,C01,1,1,1,1,1,1,1,1,1,1,0,0,0,0,0,NA,NA,NA,NA,NA,NA,NA,NA,NA,NA,NA,NA,NA,1
F1,young,L5,2,C02,1,1,1,1,1,1,1,1,1,1,1,1,1,0,0,0,0,NA,NA,NA,NA,NA,NA,NA,NA,NA,NA,NA,1
F1,young,L5,2,C03,1,1,1,1,1,1,1,1,1,0,0,0,0,0,0,0,0,0,0,0,0,0,0,NA,NA,NA,NA,NA,1
F1,young,L5,2,C04,0,1,1,1,1,1,1,1,1,1,0,0,0,0,0,0,0,0,0,0,NA,NA,NA,NA,NA,NA,NA,NA,1
F1,young,L5,2,C05,1,1,1,1,1,1,1,1,1,1,0,0,0,0,0,0,0,0,0,NA,NA,NA,NA,NA,NA,NA,NA,NA,1
F1,young,L5,2,C06,1,1,1,1,1,1,1,1,1,1,1,1,0,0,0,0,0,0,NA,NA,NA,NA,NA,NA,NA,NA,NA,NA,1
F1,young,L5,2,D01,1,1,1,1,1,1,1,1,1,1,0,0,0,0,0,0,0,0,0,0,0,0,0,NA,NA,NA,NA,NA,1
F1,young,L5,2,D02,1,1,1,1,1,1,1,1,1,1,1,0,0,0,0,0,0,0,0,0,0,NA,NA,NA,NA,NA,NA,NA,1
F1,young,L5,2,D03,0,1,1,1,1,1,1,1,1,1,0,0,0,0,0,0,0,0,NA,NA,NA,NA,NA,NA,NA,NA,NA,NA,1
F1,young,L5,2,D04,1,1,1,1,1,1,1,1,1,1,0,0,0,0,0,0,0,0,0,0,NA,NA,NA,NA,NA,NA,NA,NA,1
F1,young,L5,2,D05,1,1,1,1,1,1,1,1,1,1,0,0,0,0,0,0,0,0,0,NA,NA,NA,NA,NA,NA,NA,NA,NA,1
F1,young,L5,2,D06,1,1,1,1,1,1,1,1,1,1,0,0,0,0,0,0,0,0,0,0,0,0,0,0,NA,NA,NA,NA,1
F1,young,RUS-RE,2,A02,1,1,1,1,1,0,0,NA,NA,NA,NA,NA,NA,NA,NA,NA,NA,NA,NA,NA,NA,NA,NA,NA,NA,NA,NA,NA,1
F1,young,RUS-RE,2,A03,1,1,1,1,1,1,1,1,1,1,1,1,0,0,0,NA,NA,NA,NA,NA,NA,NA,NA,NA,NA,NA,NA,NA,1
F1,young,RUS-RE,2,A04,1,1,1,1,1,1,1,1,1,1,1,1,1,1,1,0,NA,NA,NA,NA,NA,NA,NA,NA,NA,NA,NA,NA,1
F1,young,RUS-RE,2,A05,1,1,1,1,1,0,0,NA,NA,NA,NA,NA,NA,NA,NA,NA,NA,NA,NA,NA,NA,NA,NA,NA,NA,NA,NA,NA,1
F1,young,RUS-RE,2,A06,1,1,1,1,1,1,1,1,1,1,1,0,NA,NA,NA,NA,NA,NA,NA,NA,NA,NA,NA,NA,NA,NA,NA,NA,1
F1,young,RUS-RE,2,B01,1,1,1,1,1,1,1,1,1,1,1,1,0,0,NA,NA,NA,NA,NA,NA,NA,NA,NA,NA,NA,NA,NA,NA,1
F1,young,RUS-RE,2,B02,1,1,1,1,0,NA,NA,NA,NA,NA,NA,NA,NA,NA,NA,NA,NA,NA,NA,NA,NA,NA,NA,NA,NA,NA,NA,NA,1
F1,young,RUS-RE,2,B03,1,1,1,1,1,1,1,1,1,1,1,1,1,0,0,0,0,0,NA,NA,NA,NA,NA,NA,NA,NA,NA,NA,1
F1,young,RUS-RE,2,B04,1,1,1,1,1,1,1,1,1,0,NA,NA,NA,NA,NA,NA,NA,NA,NA,NA,NA,NA,NA,NA,NA,NA,NA,NA,1
F1,young,RUS-RE,2,B05,1,1,1,1,1,1,1,1,1,1,0,0,0,0,NA,NA,NA,NA,NA,NA,NA,NA,NA,NA,NA,NA,NA,NA,1
F1,young,RUS-RE,2,B06,1,1,1,1,1,1,1,1,1,1,1,1,0,0,NA,NA,NA,NA,NA,NA,NA,NA,NA,NA,NA,NA,NA,NA,1
F1,young,RUS-RE,2,C01,1,1,1,1,1,1,1,1,1,1,1,1,1,0,0,0,NA,NA,NA,NA,NA,NA,NA,NA,NA,NA,NA,NA,1
F1,young,RUS-RE,2,C02,1,1,1,1,1,1,1,1,1,1,1,1,1,1,0,0,NA,NA,NA,NA,NA,NA,NA,NA,NA,NA,NA,NA,1
F1,young,RUS-RE,2,C05,1,1,1,1,1,1,1,1,1,1,1,1,0,0,0,0,0,NA,NA,NA,NA,NA,NA,NA,NA,NA,NA,NA,1
F1,young,RUS-RE,2,C06,1,1,1,1,1,1,1,1,1,1,1,0,0,0,NA,NA,NA,NA,NA,NA,NA,NA,NA,NA,NA,NA,NA,NA,1
F1,young,RUS-RE,2,D01,1,1,1,1,1,1,1,1,1,1,1,0,0,0,0,0,0,0,0,NA,NA,NA,NA,NA,NA,NA,NA,NA,1
F1,young,RUS-RE,2,D02,1,1,1,1,1,0,NA,NA,NA,NA,NA,NA,NA,NA,NA,NA,NA,NA,NA,NA,NA,NA,NA,NA,NA,NA,NA,NA,1
F1,young,RUS-RE,2,D03,1,1,1,1,1,1,1,1,1,1,1,1,1,1,1,0,0,0,NA,NA,NA,NA,NA,NA,NA,NA,NA,NA,1
F1,young,RUS-RE,2,D04,1,1,1,1,1,1,0,NA,NA,NA,NA,NA,NA,NA,NA,NA,NA,NA,NA,NA,NA,NA,NA,NA,NA,NA,NA,NA,1
F1,young,RUS-RE,2,D05,1,1,1,1,1,1,1,1,1,0,NA,NA,NA,NA,NA,NA,NA,NA,NA,NA,NA,NA,NA,NA,NA,NA,NA,NA,1
F1,young,RUS-RE,2,D06,1,1,1,1,1,1,1,1,1,1,0,0,NA,NA,NA,NA,NA,NA,NA,NA,NA,NA,NA,NA,NA,NA,NA,NA,1
F1,young,BpL1,2,A01,0,1,1,1,1,1,1,0,0,NA,NA,NA,NA,NA,NA,NA,NA,NA,NA,NA,NA,NA,NA,NA,NA,NA,NA,NA,1
F1,young,BpL1,2,A02,0,1,1,1,1,1,1,1,1,1,0,NA,NA,NA,NA,NA,NA,NA,NA,NA,NA,NA,NA,NA,NA,NA,NA,NA,1
F1,young,BpL1,2,A03,0,1,1,1,1,1,1,1,1,0,0,0,0,NA,NA,NA,NA,NA,NA,NA,NA,NA,NA,NA,NA,NA,NA,NA,1
F1,young,BpL1,2,A04,0,1,1,1,1,1,0,NA,NA,NA,NA,NA,NA,NA,NA,NA,NA,NA,NA,NA,NA,NA,NA,NA,NA,NA,NA,NA,1
F1,young,BpL1,2,A05,0,1,1,1,1,0,0,NA,NA,NA,NA,NA,NA,NA,NA,NA,NA,NA,NA,NA,NA,NA,NA,NA,NA,NA,NA,NA,1
F1,young,BpL1,2,A06,0,1,1,1,1,1,0,0,0,0,0,NA,NA,NA,NA,NA,NA,NA,NA,NA,NA,NA,NA,NA,NA,NA,NA,NA,1
F1,young,BpL1,2,B01,0,1,1,1,1,1,1,1,0,NA,NA,NA,NA,NA,NA,NA,NA,NA,NA,NA,NA,NA,NA,NA,NA,NA,NA,NA,1
F1,young,BpL1,2,B02,0,0,0,0,0,NA,NA,NA,NA,NA,NA,NA,NA,NA,NA,NA,NA,NA,NA,NA,NA,NA,NA,NA,NA,NA,NA,NA,1
F1,young,BpL1,2,B03,0,0,0,0,0,0,0,NA,NA,NA,NA,NA,NA,NA,NA,NA,NA,NA,NA,NA,NA,NA,NA,NA,NA,NA,NA,NA,1
F1,young,BpL1,2,B04,0,1,1,1,0,0,0,NA,NA,NA,NA,NA,NA,NA,NA,NA,NA,NA,NA,NA,NA,NA,NA,NA,NA,NA,NA,NA,1
F1,young,BpL1,2,B05,0,1,1,1,1,1,1,1,1,1,1,0,0,NA,NA,NA,NA,NA,NA,NA,NA,NA,NA,NA,NA,NA,NA,NA,1
F1,young,BpL1,2,B06,0,1,1,1,1,1,1,1,1,1,0,0,0,0,0,0,NA,NA,NA,NA,NA,NA,NA,NA,NA,NA,NA,NA,1
F1,young,BpL1,2,C01,0,1,1,0,0,0,0,NA,NA,NA,NA,NA,NA,NA,NA,NA,NA,NA,NA,NA,NA,NA,NA,NA,NA,NA,NA,NA,1
F1,young,BpL1,2,C02,0,1,1,1,1,1,0,NA,NA,NA,NA,NA,NA,NA,NA,NA,NA,NA,NA,NA,NA,NA,NA,NA,NA,NA,NA,NA,1
F1,young,BpL1,2,C03,0,1,1,1,1,1,0,0,NA,NA,NA,NA,NA,NA,NA,NA,NA,NA,NA,NA,NA,NA,NA,NA,NA,NA,NA,NA,1
F1,young,BpL1,2,C04,0,0,0,0,0,0,0,0,0,0,0,0,0,NA,NA,NA,NA,NA,NA,NA,NA,NA,NA,NA,NA,NA,NA,NA,1
F1,young,BpL1,2,C05,0,1,1,0,0,NA,NA,NA,NA,NA,NA,NA,NA,NA,NA,NA,NA,NA,NA,NA,NA,NA,NA,NA,NA,NA,NA,NA,1
F1,young,BpL1,2,C06,0,1,1,1,1,1,1,1,1,1,1,0,0,0,0,0,NA,NA,NA,NA,NA,NA,NA,NA,NA,NA,NA,NA,1
F1,young,BpL1,2,D01,1,1,1,1,1,1,1,0,0,0,0,NA,NA,NA,NA,NA,NA,NA,NA,NA,NA,NA,NA,NA,NA,NA,NA,NA,1
F1,young,BpL1,2,D02,0,1,1,1,0,NA,NA,NA,NA,NA,NA,NA,NA,NA,NA,NA,NA,NA,NA,NA,NA,NA,NA,NA,NA,NA,NA,NA,1
F1,young,BpL1,2,D03,0,1,1,1,1,1,0,0,0,0,NA,NA,NA,NA,NA,NA,NA,NA,NA,NA,NA,NA,NA,NA,NA,NA,NA,NA,1
F1,young,BpL1,2,D04,0,1,1,1,1,1,1,1,1,1,1,1,1,1,1,0,0,0,0,0,0,0,NA,NA,NA,NA,NA,NA,1
F1,young,BpL1,2,D05,0,1,1,1,1,0,0,0,0,NA,NA,NA,NA,NA,NA,NA,NA,NA,NA,NA,NA,NA,NA,NA,NA,NA,NA,NA,1
F1,young,BpL1,2,D06,0,1,1,1,1,1,0,0,0,0,0,NA,NA,NA,NA,NA,NA,NA,NA,NA,NA,NA,NA,NA,NA,NA,NA,NA,1
F1,young,L5,3,A01,1,1,1,1,1,1,1,1,1,1,0,0,0,0,0,0,0,NA,NA,NA,NA,NA,NA,NA,NA,NA,NA,NA,1
F1,young,L5,3,A02,1,1,1,1,1,1,1,1,1,0,0,0,0,0,0,0,0,0,0,0,0,NA,NA,NA,NA,NA,NA,NA,1
F1,young,L5,3,A03,1,1,1,1,1,1,1,1,0,0,NA,NA,NA,NA,NA,NA,NA,NA,NA,NA,NA,NA,NA,NA,NA,NA,NA,NA,1
F1,young,L5,3,A04,1,1,1,1,1,1,1,1,1,1,1,1,1,0,0,0,NA,NA,NA,NA,NA,NA,NA,NA,NA,NA,NA,NA,1
F1,young,L5,3,A05,1,1,1,1,1,1,1,1,1,1,0,0,0,0,0,0,NA,NA,NA,NA,NA,NA,NA,NA,NA,NA,NA,NA,1
F1,young,L5,3,A06,1,1,1,1,1,1,1,1,1,1,1,1,0,0,0,0,0,0,0,0,0,NA,NA,NA,NA,NA,NA,NA,1
F1,young,L5,3,B01,1,1,1,1,1,1,1,1,1,1,0,0,0,0,0,0,NA,NA,NA,NA,NA,NA,NA,NA,NA,NA,NA,NA,1
F1,young,L5,3,B02,1,1,1,1,1,1,1,1,1,0,0,0,0,0,0,0,0,0,0,NA,NA,NA,NA,NA,NA,NA,NA,NA,1
F1,young,L5,3,B03,1,1,1,1,1,1,1,1,1,0,0,0,0,0,0,NA,NA,NA,NA,NA,NA,NA,NA,NA,NA,NA,NA,NA,1
F1,young,L5,3,B04,1,1,1,1,1,1,1,1,1,1,1,1,0,0,0,0,NA,NA,NA,NA,NA,NA,NA,NA,NA,NA,NA,NA,1
F1,young,L5,3,B05,1,1,1,1,1,1,1,1,1,1,1,0,0,NA,NA,NA,NA,NA,NA,NA,NA,NA,NA,NA,NA,NA,NA,NA,1
F1,young,L5,3,B06,1,1,1,1,1,1,1,1,0,0,0,0,0,NA,NA,NA,NA,NA,NA,NA,NA,NA,NA,NA,NA,NA,NA,NA,1
F1,young,L5,3,C01,1,1,1,1,1,1,1,1,1,1,1,0,0,0,0,0,0,0,0,NA,NA,NA,NA,NA,NA,NA,NA,NA,1
F1,young,L5,3,C02,1,1,1,1,1,1,1,1,1,1,0,0,0,NA,NA,NA,NA,NA,NA,NA,NA,NA,NA,NA,NA,NA,NA,NA,1
F1,young,L5,3,C03,1,1,1,1,1,1,1,1,1,1,0,0,0,0,0,0,0,0,NA,NA,NA,NA,NA,NA,NA,NA,NA,NA,1
F1,young,L5,3,C04,1,1,1,1,1,1,1,1,1,1,1,0,0,0,0,0,0,NA,NA,NA,NA,NA,NA,NA,NA,NA,NA,NA,1
F1,young,L5,3,C05,1,1,1,1,1,1,1,1,1,1,0,0,0,0,0,0,0,0,0,0,0,0,0,NA,NA,NA,NA,NA,1
F1,young,L5,3,C06,1,1,1,1,1,1,1,1,1,1,1,1,0,0,0,0,0,0,0,0,0,0,0,0,NA,NA,NA,NA,1
F1,young,L5,3,D01,1,1,1,1,1,1,1,1,1,1,1,0,0,0,0,0,0,0,0,0,0,0,0,0,0,NA,NA,NA,1
F1,young,L5,3,D02,1,1,1,1,1,1,1,1,1,1,1,0,0,NA,NA,NA,NA,NA,NA,NA,NA,NA,NA,NA,NA,NA,NA,NA,1
F1,young,L5,3,D03,1,1,1,1,1,1,1,1,1,1,0,0,0,0,0,0,0,0,NA,NA,NA,NA,NA,NA,NA,NA,NA,NA,1
F1,young,L5,3,D04,1,1,1,1,1,1,1,1,0,0,0,NA,NA,NA,NA,NA,NA,NA,NA,NA,NA,NA,NA,NA,NA,NA,NA,NA,1
F1,young,L5,3,D05,1,1,1,1,1,1,1,1,1,1,1,0,0,0,0,0,0,0,0,0,0,NA,NA,NA,NA,NA,NA,NA,1
F1,young,L5,3,D06,1,1,1,1,1,1,1,1,1,1,1,0,0,0,0,0,0,0,NA,NA,NA,NA,NA,NA,NA,NA,NA,NA,1
F1,young,RUS-RE,3,A01,1,1,1,1,1,1,1,1,1,1,1,1,0,0,0,0,0,0,NA,NA,NA,NA,NA,NA,NA,NA,NA,NA,1
F1,young,RUS-RE,3,A02,1,1,1,1,0,NA,NA,NA,NA,NA,NA,NA,NA,NA,NA,NA,NA,NA,NA,NA,NA,NA,NA,NA,NA,NA,NA,NA,1
F1,young,RUS-RE,3,A04,1,1,1,1,1,1,1,1,1,1,0,0,0,0,0,0,0,0,0,0,0,NA,NA,NA,NA,NA,NA,NA,1
F1,young,RUS-RE,3,A05,1,1,1,1,1,1,1,1,1,1,0,0,NA,NA,NA,NA,NA,NA,NA,NA,NA,NA,NA,NA,NA,NA,NA,NA,1
F1,young,RUS-RE,3,A06,1,1,1,1,1,1,1,1,0,0,NA,NA,NA,NA,NA,NA,NA,NA,NA,NA,NA,NA,NA,NA,NA,NA,NA,NA,1
F1,young,RUS-RE,3,B02,1,1,1,1,1,1,1,1,1,1,1,1,0,0,0,0,NA,NA,NA,NA,NA,NA,NA,NA,NA,NA,NA,NA,1
F1,young,RUS-RE,3,B03,1,1,1,1,1,1,0,NA,NA,NA,NA,NA,NA,NA,NA,NA,NA,NA,NA,NA,NA,NA,NA,NA,NA,NA,NA,NA,1
F1,young,RUS-RE,3,B04,1,1,1,1,1,NA,NA,NA,NA,NA,NA,NA,NA,NA,NA,NA,NA,NA,NA,NA,NA,NA,NA,NA,NA,NA,NA,NA,1
F1,young,RUS-RE,3,B05,1,1,1,1,1,1,0,NA,NA,NA,NA,NA,NA,NA,NA,NA,NA,NA,NA,NA,NA,NA,NA,NA,NA,NA,NA,NA,1
F1,young,RUS-RE,3,B06,1,1,1,1,1,1,1,1,1,1,0,0,0,NA,NA,NA,NA,NA,NA,NA,NA,NA,NA,NA,NA,NA,NA,NA,1
F1,young,RUS-RE,3,C01,1,1,1,1,1,1,1,1,1,1,1,1,1,0,0,0,NA,NA,NA,NA,NA,NA,NA,NA,NA,NA,NA,NA,1
F1,young,RUS-RE,3,C02,1,1,1,1,1,1,1,1,1,1,0,NA,NA,NA,NA,NA,NA,NA,NA,NA,NA,NA,NA,NA,NA,NA,NA,NA,1
F1,young,RUS-RE,3,C03,1,1,1,1,1,1,1,1,1,1,1,1,0,0,0,NA,NA,NA,NA,NA,NA,NA,NA,NA,NA,NA,NA,NA,1
F1,young,RUS-RE,3,C06,1,1,1,1,1,1,1,1,1,1,0,NA,NA,NA,NA,NA,NA,NA,NA,NA,NA,NA,NA,NA,NA,NA,NA,NA,1
F1,young,RUS-RE,3,D01,1,1,1,1,1,1,1,1,1,1,0,NA,NA,NA,NA,NA,NA,NA,NA,NA,NA,NA,NA,NA,NA,NA,NA,NA,1
F1,young,RUS-RE,3,D02,1,1,1,1,1,0,0,NA,NA,NA,NA,NA,NA,NA,NA,NA,NA,NA,NA,NA,NA,NA,NA,NA,NA,NA,NA,NA,1
F1,young,RUS-RE,3,D03,1,1,1,1,1,1,1,1,1,0,0,NA,NA,NA,NA,NA,NA,NA,NA,NA,NA,NA,NA,NA,NA,NA,NA,NA,1
F1,young,RUS-RE,3,D04,1,1,1,1,1,1,1,1,1,0,NA,NA,NA,NA,NA,NA,NA,NA,NA,NA,NA,NA,NA,NA,NA,NA,NA,NA,1
F1,young,RUS-RE,3,D05,1,1,1,1,1,1,1,1,1,1,1,1,1,1,0,0,0,NA,NA,NA,NA,NA,NA,NA,NA,NA,NA,NA,1
F1,young,RUS-RE,3,D06,1,1,1,1,0,NA,NA,NA,NA,NA,NA,NA,NA,NA,NA,NA,NA,NA,NA,NA,NA,NA,NA,NA,NA,NA,NA,NA,1
F1,young,BpL1,3,A01,0,1,1,1,0,NA,NA,NA,NA,NA,NA,NA,NA,NA,NA,NA,NA,NA,NA,NA,NA,NA,NA,NA,NA,NA,NA,NA,1
F1,young,BpL1,3,A02,0,1,1,1,0,0,0,NA,NA,NA,NA,NA,NA,NA,NA,NA,NA,NA,NA,NA,NA,NA,NA,NA,NA,NA,NA,NA,1
F1,young,BpL1,3,A03,0,1,1,1,1,1,1,1,0,0,0,0,0,0,NA,NA,NA,NA,NA,NA,NA,NA,NA,NA,NA,NA,NA,NA,1
F1,young,BpL1,3,A04,0,1,1,1,1,1,1,1,0,0,0,0,0,0,0,NA,NA,NA,NA,NA,NA,NA,NA,NA,NA,NA,NA,NA,1
F1,young,BpL1,3,A06,0,1,1,0,0,NA,NA,NA,NA,NA,NA,NA,NA,NA,NA,NA,NA,NA,NA,NA,NA,NA,NA,NA,NA,NA,NA,NA,1
F1,young,BpL1,3,B02,0,1,1,1,1,1,0,NA,NA,NA,NA,NA,NA,NA,NA,NA,NA,NA,NA,NA,NA,NA,NA,NA,NA,NA,NA,NA,1
F1,young,BpL1,3,B03,0,1,1,1,1,1,1,0,0,NA,NA,NA,NA,NA,NA,NA,NA,NA,NA,NA,NA,NA,NA,NA,NA,NA,NA,NA,1
F1,young,BpL1,3,B04,0,1,1,1,1,1,0,NA,NA,NA,NA,NA,NA,NA,NA,NA,NA,NA,NA,NA,NA,NA,NA,NA,NA,NA,NA,NA,1
F1,young,BpL1,3,B05,0,1,1,1,1,1,1,1,0,NA,NA,NA,NA,NA,NA,NA,NA,NA,NA,NA,NA,NA,NA,NA,NA,NA,NA,NA,1
F1,young,BpL1,3,B06,0,1,1,1,1,1,1,0,0,0,NA,NA,NA,NA,NA,NA,NA,NA,NA,NA,NA,NA,NA,NA,NA,NA,NA,NA,1
F1,young,BpL1,3,C01,0,1,1,1,1,1,0,0,NA,NA,NA,NA,NA,NA,NA,NA,NA,NA,NA,NA,NA,NA,NA,NA,NA,NA,NA,NA,1
F1,young,BpL1,3,C02,0,1,1,1,1,1,1,1,1,0,NA,NA,NA,NA,NA,NA,NA,NA,NA,NA,NA,NA,NA,NA,NA,NA,NA,NA,1
F1,young,BpL1,3,C03,0,1,1,1,1,1,1,1,1,0,NA,NA,NA,NA,NA,NA,NA,NA,NA,NA,NA,NA,NA,NA,NA,NA,NA,NA,1
F1,young,BpL1,3,C04,0,1,1,1,1,0,0,NA,NA,NA,NA,NA,NA,NA,NA,NA,NA,NA,NA,NA,NA,NA,NA,NA,NA,NA,NA,NA,1
F1,young,BpL1,3,C05,0,1,1,1,0,0,0,0,0,0,0,NA,NA,NA,NA,NA,NA,NA,NA,NA,NA,NA,NA,NA,NA,NA,NA,NA,1
F1,young,BpL1,3,C06,0,1,1,1,1,0,0,NA,NA,NA,NA,NA,NA,NA,NA,NA,NA,NA,NA,NA,NA,NA,NA,NA,NA,NA,NA,NA,1
F1,young,BpL1,3,D01,0,1,1,1,1,1,0,NA,NA,NA,NA,NA,NA,NA,NA,NA,NA,NA,NA,NA,NA,NA,NA,NA,NA,NA,NA,NA,1
F1,young,BpL1,3,D02,0,1,1,1,1,1,1,1,1,0,NA,NA,NA,NA,NA,NA,NA,NA,NA,NA,NA,NA,NA,NA,NA,NA,NA,NA,1
F1,young,BpL1,3,D03,0,1,1,1,1,1,1,0,NA,NA,NA,NA,NA,NA,NA,NA,NA,NA,NA,NA,NA,NA,NA,NA,NA,NA,NA,NA,1
F1,young,BpL1,3,D04,0,1,1,1,1,1,0,0,0,NA,NA,NA,NA,NA,NA,NA,NA,NA,NA,NA,NA,NA,NA,NA,NA,NA,NA,NA,1
F1,young,BpL1,3,D05,0,1,1,1,1,1,0,0,0,NA,NA,NA,NA,NA,NA,NA,NA,NA,NA,NA,NA,NA,NA,NA,NA,NA,NA,NA,1
F1,young,BpL1,3,D06,0,1,1,1,1,1,1,1,1,0,NA,NA,NA,NA,NA,NA,NA,NA,NA,NA,NA,NA,NA,NA,NA,NA,NA,NA,1
F1,mid,L5,1,A01,1,1,1,1,1,1,1,1,1,1,0,0,0,0,0,0,0,0,NA,NA,NA,NA,NA,NA,NA,NA,NA,NA,1
F1,mid,L5,1,A02,1,1,1,1,1,1,1,1,1,0,0,0,0,0,0,0,0,0,0,0,0,0,0,0,NA,NA,NA,NA,1
F1,mid,L5,1,A03,1,1,1,1,1,1,1,1,1,0,0,0,NA,NA,NA,NA,NA,NA,NA,NA,NA,NA,NA,NA,NA,NA,NA,NA,1
F1,mid,L5,1,A04,1,1,1,1,1,1,1,1,1,0,0,0,0,0,0,0,NA,NA,NA,NA,NA,NA,NA,NA,NA,NA,NA,NA,1
F1,mid,L5,1,A05,1,1,1,1,1,1,1,1,0,0,0,0,0,0,0,0,0,0,NA,NA,NA,NA,NA,NA,NA,NA,NA,NA,1
F1,mid,L5,1,A06,1,1,1,1,1,1,0,0,0,0,0,0,0,0,0,0,0,NA,NA,NA,NA,NA,NA,NA,NA,NA,NA,NA,1
F1,mid,L5,1,B01,1,1,1,1,1,1,1,1,1,0,0,0,0,0,0,0,0,0,0,0,0,0,0,NA,NA,NA,NA,NA,1
F1,mid,L5,1,B02,1,1,1,1,1,1,1,1,NA,NA,NA,NA,NA,NA,NA,NA,NA,NA,NA,NA,NA,NA,NA,NA,NA,NA,NA,NA,0
F1,mid,L5,1,B03,1,1,1,1,1,1,1,1,0,0,0,0,0,0,0,0,0,0,0,0,0,NA,NA,NA,NA,NA,NA,NA,1
F1,mid,L5,1,B04,1,1,1,0,0,0,0,0,0,NA,NA,NA,NA,NA,NA,NA,NA,NA,NA,NA,NA,NA,NA,NA,NA,NA,NA,NA,1
F1,mid,L5,1,B05,1,1,1,1,1,1,1,1,0,0,0,0,0,0,0,0,0,0,0,0,NA,NA,NA,NA,NA,NA,NA,NA,1
F1,mid,L5,1,B06,1,1,1,1,1,1,1,1,0,0,0,0,0,NA,NA,NA,NA,NA,NA,NA,NA,NA,NA,NA,NA,NA,NA,NA,1
F1,mid,L5,1,C01,1,1,1,1,1,1,1,1,1,0,0,0,0,0,0,0,0,0,0,0,0,0,0,NA,NA,NA,NA,NA,1
F1,mid,L5,1,C02,1,1,1,1,1,1,1,1,0,0,0,0,0,0,NA,NA,NA,NA,NA,NA,NA,NA,NA,NA,NA,NA,NA,NA,1
F1,mid,L5,1,C04,1,1,1,1,1,1,1,1,0,0,0,0,0,0,0,0,0,0,0,0,NA,NA,NA,NA,NA,NA,NA,NA,1
F1,mid,L5,1,C05,1,1,1,1,1,1,1,1,0,0,0,0,0,0,0,NA,NA,NA,NA,NA,NA,NA,NA,NA,NA,NA,NA,NA,1
F1,mid,L5,1,C06,1,1,1,1,1,1,1,1,1,0,0,0,0,0,0,0,0,0,0,0,0,NA,NA,NA,NA,NA,NA,NA,1
F1,mid,L5,1,D01,1,1,1,1,1,1,1,1,1,0,0,0,0,0,0,NA,NA,NA,NA,NA,NA,NA,NA,NA,NA,NA,NA,NA,1
F1,mid,L5,1,D02,1,1,1,1,1,1,1,1,0,0,0,0,NA,NA,NA,NA,NA,NA,NA,NA,NA,NA,NA,NA,NA,NA,NA,NA,1
F1,mid,L5,1,D03,1,1,1,1,1,1,1,1,1,0,0,0,0,0,0,0,NA,NA,NA,NA,NA,NA,NA,NA,NA,NA,NA,NA,1
F1,mid,L5,1,D04,1,1,1,1,1,1,1,1,0,0,0,0,0,NA,NA,NA,NA,NA,NA,NA,NA,NA,NA,NA,NA,NA,NA,NA,1
F1,mid,L5,1,D05,1,1,1,1,1,1,1,1,0,0,0,0,0,0,0,0,0,0,0,0,0,0,NA,NA,NA,NA,NA,NA,1
F1,mid,L5,1,D06,1,1,1,1,1,1,1,1,1,1,1,1,1,1,0,0,0,NA,NA,NA,NA,NA,NA,NA,NA,NA,NA,NA,1
F1,mid,RUS-RE,1,A01,1,1,1,1,1,1,1,1,1,1,1,0,0,0,NA,NA,NA,NA,NA,NA,NA,NA,NA,NA,NA,NA,NA,NA,1
F1,mid,RUS-RE,1,A02,1,1,1,1,1,1,1,1,1,1,1,1,0,0,0,NA,NA,NA,NA,NA,NA,NA,NA,NA,NA,NA,NA,NA,1
F1,mid,RUS-RE,1,A03,1,1,1,1,1,1,1,1,1,0,0,NA,NA,NA,NA,NA,NA,NA,NA,NA,NA,NA,NA,NA,NA,NA,NA,NA,1
F1,mid,RUS-RE,1,A04,1,1,1,1,1,1,1,1,1,1,1,1,1,1,0,0,NA,NA,NA,NA,NA,NA,NA,NA,NA,NA,NA,NA,1
F1,mid,RUS-RE,1,A05,1,1,1,1,1,1,1,1,1,1,0,0,0,0,0,0,0,0,NA,NA,NA,NA,NA,NA,NA,NA,NA,NA,1
F1,mid,RUS-RE,1,A06,1,1,1,1,1,1,1,1,0,0,0,0,0,0,0,0,0,0,0,0,0,0,0,NA,NA,NA,NA,NA,1
F1,mid,RUS-RE,1,B01,1,1,1,1,1,1,1,1,1,1,1,0,0,0,NA,NA,NA,NA,NA,NA,NA,NA,NA,NA,NA,NA,NA,NA,1
F1,mid,RUS-RE,1,B02,1,1,1,1,1,1,1,1,1,1,0,0,0,0,0,0,0,0,0,0,NA,NA,NA,NA,NA,NA,NA,NA,1
F1,mid,RUS-RE,1,B03,1,1,1,1,1,1,1,1,1,1,1,0,NA,NA,NA,NA,NA,NA,NA,NA,NA,NA,NA,NA,NA,NA,NA,NA,1
F1,mid,RUS-RE,1,B04,1,1,1,1,1,1,1,1,1,1,1,1,NA,NA,NA,NA,NA,NA,NA,NA,NA,NA,NA,NA,NA,NA,NA,NA,1
F1,mid,RUS-RE,1,B05,1,1,1,1,1,1,1,1,1,1,0,0,0,0,0,0,NA,NA,NA,NA,NA,NA,NA,NA,NA,NA,NA,NA,1
F1,mid,RUS-RE,1,C01,1,1,1,1,1,1,1,1,1,1,1,0,0,NA,NA,NA,NA,NA,NA,NA,NA,NA,NA,NA,NA,NA,NA,NA,1
F1,mid,RUS-RE,1,C02,1,1,1,1,1,1,1,1,1,1,0,0,0,0,0,0,NA,NA,NA,NA,NA,NA,NA,NA,NA,NA,NA,NA,1
F1,mid,RUS-RE,1,C03,1,1,1,1,1,1,1,1,1,1,0,0,0,0,0,0,0,0,NA,NA,NA,NA,NA,NA,NA,NA,NA,NA,1
F1,mid,RUS-RE,1,C05,1,1,1,1,1,1,1,1,1,1,0,0,0,0,0,0,0,NA,NA,NA,NA,NA,NA,NA,NA,NA,NA,NA,1
F1,mid,RUS-RE,1,C06,1,1,1,1,1,1,1,1,1,1,1,1,0,NA,NA,NA,NA,NA,NA,NA,NA,NA,NA,NA,NA,NA,NA,NA,1
F1,mid,RUS-RE,1,D02,1,1,1,1,1,1,1,1,1,1,1,0,0,0,0,0,0,0,0,0,0,0,NA,NA,NA,NA,NA,NA,1
F1,mid,RUS-RE,1,D03,1,1,1,1,1,1,1,1,1,1,1,1,0,0,0,0,NA,NA,NA,NA,NA,NA,NA,NA,NA,NA,NA,NA,1
F1,mid,RUS-RE,1,D04,1,1,1,1,1,1,1,1,1,1,1,1,1,1,NA,NA,NA,NA,NA,NA,NA,NA,NA,NA,NA,NA,NA,NA,1
F1,mid,RUS-RE,1,D05,1,1,1,1,1,1,1,1,1,1,1,0,0,0,0,0,NA,NA,NA,NA,NA,NA,NA,NA,NA,NA,NA,NA,1
F1,mid,RUS-RE,1,D06,1,1,1,1,1,1,1,1,1,1,1,0,0,0,0,0,NA,NA,NA,NA,NA,NA,NA,NA,NA,NA,NA,NA,1
F1,mid,BpL1,1,A01,0,1,1,1,1,1,1,1,1,1,0,NA,NA,NA,NA,NA,NA,NA,NA,NA,NA,NA,NA,NA,NA,NA,NA,NA,0
F1,mid,BpL1,1,A02,1,1,1,1,1,0,0,NA,NA,NA,NA,NA,NA,NA,NA,NA,NA,NA,NA,NA,NA,NA,NA,NA,NA,NA,NA,NA,1
F1,mid,BpL1,1,A03,0,1,1,1,1,1,1,1,1,1,1,1,1,0,0,0,0,0,0,NA,NA,NA,NA,NA,NA,NA,NA,NA,1
F1,mid,BpL1,1,A05,0,1,1,1,1,1,1,1,1,0,0,0,0,NA,NA,NA,NA,NA,NA,NA,NA,NA,NA,NA,NA,NA,NA,NA,1
F1,mid,BpL1,1,B01,0,1,1,0,NA,NA,NA,NA,NA,NA,NA,NA,NA,NA,NA,NA,NA,NA,NA,NA,NA,NA,NA,NA,NA,NA,NA,NA,1
F1,mid,BpL1,1,B02,0,1,1,1,1,0,NA,NA,NA,NA,NA,NA,NA,NA,NA,NA,NA,NA,NA,NA,NA,NA,NA,NA,NA,NA,NA,NA,1
F1,mid,BpL1,1,B03,1,1,1,1,1,1,1,0,0,0,NA,NA,NA,NA,NA,NA,NA,NA,NA,NA,NA,NA,NA,NA,NA,NA,NA,NA,1
F1,mid,BpL1,1,B04,0,1,1,1,1,1,0,0,0,0,0,0,0,0,0,0,0,NA,NA,NA,NA,NA,NA,NA,NA,NA,NA,NA,1
F1,mid,BpL1,1,B05,1,1,0,0,NA,NA,NA,NA,NA,NA,NA,NA,NA,NA,NA,NA,NA,NA,NA,NA,NA,NA,NA,NA,NA,NA,NA,NA,1
F1,mid,BpL1,1,B06,1,1,1,1,1,1,1,1,0,0,0,NA,NA,NA,NA,NA,NA,NA,NA,NA,NA,NA,NA,NA,NA,NA,NA,NA,1
F1,mid,BpL1,1,C01,1,1,1,1,1,1,1,0,0,0,0,NA,NA,NA,NA,NA,NA,NA,NA,NA,NA,NA,NA,NA,NA,NA,NA,NA,1
F1,mid,BpL1,1,C02,1,1,1,0,NA,NA,NA,NA,NA,NA,NA,NA,NA,NA,NA,NA,NA,NA,NA,NA,NA,NA,NA,NA,NA,NA,NA,NA,1
F1,mid,BpL1,1,C03,0,1,1,1,1,1,1,1,0,0,0,NA,NA,NA,NA,NA,NA,NA,NA,NA,NA,NA,NA,NA,NA,NA,NA,NA,1
F1,mid,BpL1,1,C04,0,1,1,1,1,1,1,1,1,0,0,0,NA,NA,NA,NA,NA,NA,NA,NA,NA,NA,NA,NA,NA,NA,NA,NA,1
F1,mid,BpL1,1,C05,0,1,1,1,1,1,0,0,0,0,0,0,NA,NA,NA,NA,NA,NA,NA,NA,NA,NA,NA,NA,NA,NA,NA,NA,1
F1,mid,BpL1,1,C06,0,1,1,1,1,1,1,1,1,1,1,1,0,0,0,0,NA,NA,NA,NA,NA,NA,NA,NA,NA,NA,NA,NA,1
F1,mid,BpL1,1,D01,0,1,1,1,1,0,NA,NA,NA,NA,NA,NA,NA,NA,NA,NA,NA,NA,NA,NA,NA,NA,NA,NA,NA,NA,NA,NA,1
F1,mid,BpL1,1,D02,1,1,1,NA,NA,NA,NA,NA,NA,NA,NA,NA,NA,NA,NA,NA,NA,NA,NA,NA,NA,NA,NA,NA,NA,NA,NA,NA,0
F1,mid,BpL1,1,D03,0,1,1,1,0,NA,NA,NA,NA,NA,NA,NA,NA,NA,NA,NA,NA,NA,NA,NA,NA,NA,NA,NA,NA,NA,NA,NA,1
F1,mid,BpL1,1,D04,1,1,1,1,1,1,1,1,1,1,0,0,0,0,NA,NA,NA,NA,NA,NA,NA,NA,NA,NA,NA,NA,NA,NA,1
F1,mid,BpL1,1,D05,0,1,1,1,1,0,NA,NA,NA,NA,NA,NA,NA,NA,NA,NA,NA,NA,NA,NA,NA,NA,NA,NA,NA,NA,NA,NA,1
F1,mid,BpL1,1,D06,0,1,1,1,1,1,1,0,NA,NA,NA,NA,NA,NA,NA,NA,NA,NA,NA,NA,NA,NA,NA,NA,NA,NA,NA,NA,1
F1,mid,L5,2,A01,1,1,1,1,1,1,1,1,0,0,0,0,0,0,0,NA,NA,NA,NA,NA,NA,NA,NA,NA,NA,NA,NA,NA,1
F1,mid,L5,2,A02,1,1,1,1,1,1,1,1,0,0,0,0,0,0,0,0,0,0,0,0,NA,NA,NA,NA,NA,NA,NA,NA,1
F1,mid,L5,2,A03,0,1,1,1,1,1,1,1,0,0,0,0,0,0,0,NA,NA,NA,NA,NA,NA,NA,NA,NA,NA,NA,NA,NA,1
F1,mid,L5,2,A04,1,1,1,1,1,1,1,1,0,0,0,0,0,0,0,NA,NA,NA,NA,NA,NA,NA,NA,NA,NA,NA,NA,NA,1
F1,mid,L5,2,A05,1,1,1,1,1,1,1,1,0,0,0,0,0,0,0,NA,NA,NA,NA,NA,NA,NA,NA,NA,NA,NA,NA,NA,1
F1,mid,L5,2,A06,1,1,1,1,1,1,1,1,1,0,0,0,0,0,0,0,0,0,0,0,0,0,0,0,0,0,NA,NA,1
F1,mid,L5,2,B01,1,1,1,1,1,1,1,1,0,0,0,0,0,0,0,0,0,0,0,0,0,0,NA,NA,NA,NA,NA,NA,1
F1,mid,L5,2,B02,1,1,1,1,1,1,1,1,0,0,0,0,0,0,0,NA,NA,NA,NA,NA,NA,NA,NA,NA,NA,NA,NA,NA,1
F1,mid,L5,2,B03,1,1,1,1,1,1,1,1,0,0,0,0,0,0,0,0,NA,NA,NA,NA,NA,NA,NA,NA,NA,NA,NA,NA,1
F1,mid,L5,2,B04,1,1,1,1,1,1,1,1,0,0,0,0,0,0,0,0,NA,NA,NA,NA,NA,NA,NA,NA,NA,NA,NA,NA,1
F1,mid,L5,2,B05,1,1,1,1,1,1,1,1,1,0,0,0,0,0,0,0,0,0,0,0,0,0,0,0,NA,NA,NA,NA,1
F1,mid,L5,2,B06,1,1,1,1,1,1,1,1,1,0,0,0,0,0,0,0,0,0,0,0,0,0,NA,NA,NA,NA,NA,NA,1
F1,mid,L5,2,C01,1,1,1,1,1,1,1,1,0,0,0,0,0,0,0,0,0,NA,NA,NA,NA,NA,NA,NA,NA,NA,NA,NA,1
F1,mid,L5,2,C02,1,1,1,1,1,1,1,1,0,0,0,0,0,0,0,0,0,0,NA,NA,NA,NA,NA,NA,NA,NA,NA,NA,1
F1,mid,L5,2,C03,1,1,1,1,1,1,1,1,0,0,0,0,0,0,0,0,0,0,0,NA,NA,NA,NA,NA,NA,NA,NA,NA,1
F1,mid,L5,2,C04,1,1,1,1,1,1,1,1,0,0,0,0,0,0,NA,NA,NA,NA,NA,NA,NA,NA,NA,NA,NA,NA,NA,NA,1
F1,mid,L5,2,C05,1,1,1,1,1,1,1,1,0,0,0,0,0,0,NA,NA,NA,NA,NA,NA,NA,NA,NA,NA,NA,NA,NA,NA,1
F1,mid,L5,2,C06,0,1,1,1,1,1,1,1,0,0,0,0,0,0,0,NA,NA,NA,NA,NA,NA,NA,NA,NA,NA,NA,NA,NA,1
F1,mid,L5,2,D01,1,1,1,1,1,1,1,1,0,0,0,0,0,0,0,0,0,0,NA,NA,NA,NA,NA,NA,NA,NA,NA,NA,1
F1,mid,L5,2,D02,1,1,1,1,1,1,1,1,0,0,0,NA,NA,NA,NA,NA,NA,NA,NA,NA,NA,NA,NA,NA,NA,NA,NA,NA,1
F1,mid,L5,2,D03,1,1,1,1,1,1,1,1,0,0,0,0,0,0,NA,NA,NA,NA,NA,NA,NA,NA,NA,NA,NA,NA,NA,NA,1
F1,mid,L5,2,D04,1,1,1,1,1,1,1,1,0,0,0,0,0,0,0,NA,NA,NA,NA,NA,NA,NA,NA,NA,NA,NA,NA,NA,1
F1,mid,L5,2,D05,0,1,1,1,1,1,1,1,1,0,0,0,0,0,NA,NA,NA,NA,NA,NA,NA,NA,NA,NA,NA,NA,NA,NA,1
F1,mid,L5,2,D06,1,1,1,1,1,1,1,1,1,0,0,0,0,0,NA,NA,NA,NA,NA,NA,NA,NA,NA,NA,NA,NA,NA,NA,1
F1,mid,RUS-RE,2,A01,1,1,1,1,1,1,1,1,1,1,1,0,0,0,0,NA,NA,NA,NA,NA,NA,NA,NA,NA,NA,NA,NA,NA,1
F1,mid,RUS-RE,2,A02,1,1,1,1,1,1,1,1,1,1,1,1,0,0,NA,NA,NA,NA,NA,NA,NA,NA,NA,NA,NA,NA,NA,NA,1
F1,mid,RUS-RE,2,A03,1,1,1,1,1,1,1,1,NA,NA,NA,NA,NA,NA,NA,NA,NA,NA,NA,NA,NA,NA,NA,NA,NA,NA,NA,NA,0
F1,mid,RUS-RE,2,A04,1,1,1,1,1,1,1,1,1,0,0,0,NA,NA,NA,NA,NA,NA,NA,NA,NA,NA,NA,NA,NA,NA,NA,NA,1
F1,mid,RUS-RE,2,A05,1,1,1,1,1,1,1,1,1,1,1,0,0,0,0,0,0,NA,NA,NA,NA,NA,NA,NA,NA,NA,NA,NA,1
F1,mid,RUS-RE,2,B01,1,1,1,1,1,1,1,1,0,0,0,NA,NA,NA,NA,NA,NA,NA,NA,NA,NA,NA,NA,NA,NA,NA,NA,NA,1
F1,mid,RUS-RE,2,B02,1,1,1,0,0,0,NA,NA,NA,NA,NA,NA,NA,NA,NA,NA,NA,NA,NA,NA,NA,NA,NA,NA,NA,NA,NA,NA,1
F1,mid,RUS-RE,2,B03,1,1,1,1,1,1,1,1,1,1,1,0,0,0,0,0,0,0,0,0,0,NA,NA,NA,NA,NA,NA,NA,1
F1,mid,RUS-RE,2,B04,1,1,1,1,1,1,1,1,1,0,0,NA,NA,NA,NA,NA,NA,NA,NA,NA,NA,NA,NA,NA,NA,NA,NA,NA,1
F1,mid,RUS-RE,2,B05,1,1,1,1,1,1,1,1,1,0,0,NA,NA,NA,NA,NA,NA,NA,NA,NA,NA,NA,NA,NA,NA,NA,NA,NA,1
F1,mid,RUS-RE,2,B06,1,1,1,1,1,1,1,1,1,1,0,0,0,NA,NA,NA,NA,NA,NA,NA,NA,NA,NA,NA,NA,NA,NA,NA,1
F1,mid,RUS-RE,2,C01,1,1,1,1,1,1,1,1,1,1,1,0,NA,NA,NA,NA,NA,NA,NA,NA,NA,NA,NA,NA,NA,NA,NA,NA,1
F1,mid,RUS-RE,2,C02,1,1,1,1,1,1,1,1,1,0,0,NA,NA,NA,NA,NA,NA,NA,NA,NA,NA,NA,NA,NA,NA,NA,NA,NA,1
F1,mid,RUS-RE,2,C03,1,1,1,1,1,1,1,1,1,1,1,1,0,0,0,0,NA,NA,NA,NA,NA,NA,NA,NA,NA,NA,NA,NA,1
F1,mid,RUS-RE,2,C04,1,1,1,1,1,1,1,1,1,1,1,1,0,NA,NA,NA,NA,NA,NA,NA,NA,NA,NA,NA,NA,NA,NA,NA,1
F1,mid,RUS-RE,2,C05,1,1,1,1,1,1,1,1,1,1,1,1,1,1,0,NA,NA,NA,NA,NA,NA,NA,NA,NA,NA,NA,NA,NA,1
F1,mid,RUS-RE,2,C06,0,1,1,1,1,1,1,1,1,1,1,0,0,0,0,NA,NA,NA,NA,NA,NA,NA,NA,NA,NA,NA,NA,NA,1
F1,mid,RUS-RE,2,D03,1,1,1,1,1,1,1,1,1,1,1,1,1,0,0,0,NA,NA,NA,NA,NA,NA,NA,NA,NA,NA,NA,NA,1
F1,mid,RUS-RE,2,D04,1,1,1,1,1,1,1,1,1,1,1,0,0,0,0,0,0,0,NA,NA,NA,NA,NA,NA,NA,NA,NA,NA,1
F1,mid,RUS-RE,2,D05,1,1,1,1,1,1,1,1,1,1,1,0,0,0,0,0,NA,NA,NA,NA,NA,NA,NA,NA,NA,NA,NA,NA,1
F1,mid,RUS-RE,2,D06,1,1,1,1,1,1,1,1,1,1,1,1,1,1,NA,NA,NA,NA,NA,NA,NA,NA,NA,NA,NA,NA,NA,NA,1
F1,mid,BpL1,2,A01,1,1,1,1,1,NA,NA,NA,NA,NA,NA,NA,NA,NA,NA,NA,NA,NA,NA,NA,NA,NA,NA,NA,NA,NA,NA,NA,1
F1,mid,BpL1,2,A02,0,1,1,1,1,1,1,1,1,0,0,0,0,0,0,0,0,NA,NA,NA,NA,NA,NA,NA,NA,NA,NA,NA,1
F1,mid,BpL1,2,A03,0,1,1,0,NA,NA,NA,NA,NA,NA,NA,NA,NA,NA,NA,NA,NA,NA,NA,NA,NA,NA,NA,NA,NA,NA,NA,NA,1
F1,mid,BpL1,2,A04,1,1,1,0,0,0,0,NA,NA,NA,NA,NA,NA,NA,NA,NA,NA,NA,NA,NA,NA,NA,NA,NA,NA,NA,NA,NA,1
F1,mid,BpL1,2,A05,1,1,1,1,1,1,1,1,0,0,NA,NA,NA,NA,NA,NA,NA,NA,NA,NA,NA,NA,NA,NA,NA,NA,NA,NA,1
F1,mid,BpL1,2,A06,1,1,1,1,1,1,1,0,NA,NA,NA,NA,NA,NA,NA,NA,NA,NA,NA,NA,NA,NA,NA,NA,NA,NA,NA,NA,1
F1,mid,BpL1,2,B01,1,1,1,1,1,1,1,1,1,1,0,NA,NA,NA,NA,NA,NA,NA,NA,NA,NA,NA,NA,NA,NA,NA,NA,NA,1
F1,mid,BpL1,2,B02,0,1,0,0,NA,NA,NA,NA,NA,NA,NA,NA,NA,NA,NA,NA,NA,NA,NA,NA,NA,NA,NA,NA,NA,NA,NA,NA,1
F1,mid,BpL1,2,B03,1,1,1,1,1,1,1,0,NA,NA,NA,NA,NA,NA,NA,NA,NA,NA,NA,NA,NA,NA,NA,NA,NA,NA,NA,NA,1
F1,mid,BpL1,2,B04,0,1,1,1,1,1,1,1,1,0,0,0,0,0,0,NA,NA,NA,NA,NA,NA,NA,NA,NA,NA,NA,NA,NA,1
F1,mid,BpL1,2,B05,0,1,1,1,1,1,0,0,0,NA,NA,NA,NA,NA,NA,NA,NA,NA,NA,NA,NA,NA,NA,NA,NA,NA,NA,NA,1
F1,mid,BpL1,2,B06,0,1,1,0,NA,NA,NA,NA,NA,NA,NA,NA,NA,NA,NA,NA,NA,NA,NA,NA,NA,NA,NA,NA,NA,NA,NA,NA,1
F1,mid,BpL1,2,C01,0,1,1,1,1,0,0,0,0,0,NA,NA,NA,NA,NA,NA,NA,NA,NA,NA,NA,NA,NA,NA,NA,NA,NA,NA,1
F1,mid,BpL1,2,C02,1,1,1,1,1,1,1,1,1,1,0,0,0,0,NA,NA,NA,NA,NA,NA,NA,NA,NA,NA,NA,NA,NA,NA,1
F1,mid,BpL1,2,C03,1,1,1,1,1,1,0,0,0,NA,NA,NA,NA,NA,NA,NA,NA,NA,NA,NA,NA,NA,NA,NA,NA,NA,NA,NA,1
F1,mid,BpL1,2,C04,0,1,1,1,1,0,NA,NA,NA,NA,NA,NA,NA,NA,NA,NA,NA,NA,NA,NA,NA,NA,NA,NA,NA,NA,NA,NA,1
F1,mid,BpL1,2,C05,0,1,1,0,NA,NA,NA,NA,NA,NA,NA,NA,NA,NA,NA,NA,NA,NA,NA,NA,NA,NA,NA,NA,NA,NA,NA,NA,1
F1,mid,BpL1,2,C06,0,1,1,1,1,1,1,0,0,0,0,NA,NA,NA,NA,NA,NA,NA,NA,NA,NA,NA,NA,NA,NA,NA,NA,NA,1
F1,mid,BpL1,2,D01,1,1,1,0,NA,NA,NA,NA,NA,NA,NA,NA,NA,NA,NA,NA,NA,NA,NA,NA,NA,NA,NA,NA,NA,NA,NA,NA,1
F1,mid,BpL1,2,D02,0,1,1,1,0,NA,NA,NA,NA,NA,NA,NA,NA,NA,NA,NA,NA,NA,NA,NA,NA,NA,NA,NA,NA,NA,NA,NA,1
F1,mid,BpL1,2,D03,0,1,1,1,1,1,1,1,1,1,0,0,0,0,NA,NA,NA,NA,NA,NA,NA,NA,NA,NA,NA,NA,NA,NA,1
F1,mid,BpL1,2,D04,0,1,1,0,NA,NA,NA,NA,NA,NA,NA,NA,NA,NA,NA,NA,NA,NA,NA,NA,NA,NA,NA,NA,NA,NA,NA,NA,1
F1,mid,BpL1,2,D05,0,1,1,1,1,1,1,0,0,0,NA,NA,NA,NA,NA,NA,NA,NA,NA,NA,NA,NA,NA,NA,NA,NA,NA,NA,1
F1,mid,BpL1,2,D06,1,1,1,1,1,1,1,0,NA,NA,NA,NA,NA,NA,NA,NA,NA,NA,NA,NA,NA,NA,NA,NA,NA,NA,NA,NA,1
F1,mid,L5,3,A01,1,1,1,1,1,1,1,1,1,1,1,0,0,0,0,0,0,0,0,0,0,0,0,NA,NA,NA,NA,NA,1
F1,mid,L5,3,A02,0,1,1,1,1,1,0,NA,NA,NA,NA,NA,NA,NA,NA,NA,NA,NA,NA,NA,NA,NA,NA,NA,NA,NA,NA,NA,1
F1,mid,L5,3,A03,1,1,1,1,1,1,1,1,1,0,0,0,0,0,0,NA,NA,NA,NA,NA,NA,NA,NA,NA,NA,NA,NA,NA,1
F1,mid,L5,3,A04,1,1,1,1,1,1,1,0,0,0,0,0,0,NA,NA,NA,NA,NA,NA,NA,NA,NA,NA,NA,NA,NA,NA,NA,1
F1,mid,L5,3,A05,1,1,1,1,1,1,1,1,0,0,0,0,0,0,0,0,0,0,0,0,NA,NA,NA,NA,NA,NA,NA,NA,1
F1,mid,L5,3,A06,1,1,1,1,1,1,1,1,0,0,0,0,0,0,0,NA,NA,NA,NA,NA,NA,NA,NA,NA,NA,NA,NA,NA,1
F1,mid,L5,3,B01,1,1,1,1,1,1,1,1,0,0,0,0,0,0,NA,NA,NA,NA,NA,NA,NA,NA,NA,NA,NA,NA,NA,NA,1
F1,mid,L5,3,B02,1,1,1,1,1,1,1,1,0,0,0,0,NA,NA,NA,NA,NA,NA,NA,NA,NA,NA,NA,NA,NA,NA,NA,NA,1
F1,mid,L5,3,B03,1,1,1,1,1,1,1,1,0,0,0,0,0,0,0,0,NA,NA,NA,NA,NA,NA,NA,NA,NA,NA,NA,NA,1
F1,mid,L5,3,B04,1,1,1,1,1,1,1,1,0,0,0,0,0,0,0,0,0,0,0,0,NA,NA,NA,NA,NA,NA,NA,NA,1
F1,mid,L5,3,B05,1,1,1,1,1,1,1,0,0,NA,NA,NA,NA,NA,NA,NA,NA,NA,NA,NA,NA,NA,NA,NA,NA,NA,NA,NA,1
F1,mid,L5,3,B06,1,1,1,1,1,1,1,1,0,0,0,0,NA,NA,NA,NA,NA,NA,NA,NA,NA,NA,NA,NA,NA,NA,NA,NA,1
F1,mid,L5,3,C01,1,1,1,1,1,1,1,1,1,0,0,0,0,0,0,NA,NA,NA,NA,NA,NA,NA,NA,NA,NA,NA,NA,NA,1
F1,mid,L5,3,C02,1,1,1,1,1,1,1,1,0,0,0,0,0,0,NA,NA,NA,NA,NA,NA,NA,NA,NA,NA,NA,NA,NA,NA,1
F1,mid,L5,3,C03,1,1,0,0,0,0,0,0,0,NA,NA,NA,NA,NA,NA,NA,NA,NA,NA,NA,NA,NA,NA,NA,NA,NA,NA,NA,1
F1,mid,L5,3,C04,1,1,1,1,1,1,1,1,0,0,0,0,0,0,0,NA,NA,NA,NA,NA,NA,NA,NA,NA,NA,NA,NA,NA,1
F1,mid,L5,3,C05,1,1,1,1,1,1,1,1,0,0,0,0,0,0,0,0,0,0,0,0,0,NA,NA,NA,NA,NA,NA,NA,1
F1,mid,L5,3,C06,1,1,1,1,1,1,1,1,0,0,0,0,0,0,0,0,0,NA,NA,NA,NA,NA,NA,NA,NA,NA,NA,NA,1
F1,mid,L5,3,D01,1,1,1,1,1,1,1,1,1,0,0,0,0,0,NA,NA,NA,NA,NA,NA,NA,NA,NA,NA,NA,NA,NA,NA,1
F1,mid,L5,3,D02,1,1,1,1,1,1,1,1,1,1,1,0,0,0,0,0,NA,NA,NA,NA,NA,NA,NA,NA,NA,NA,NA,NA,1
F1,mid,L5,3,D03,1,1,1,1,1,1,1,1,0,0,0,0,0,0,0,0,0,NA,NA,NA,NA,NA,NA,NA,NA,NA,NA,NA,1
F1,mid,L5,3,D04,1,1,1,1,1,1,1,0,0,0,0,0,0,0,0,0,NA,NA,NA,NA,NA,NA,NA,NA,NA,NA,NA,NA,1
F1,mid,L5,3,D05,1,1,1,1,1,1,1,1,1,0,0,0,0,0,0,0,0,0,0,0,0,0,NA,NA,NA,NA,NA,NA,1
F1,mid,L5,3,D06,1,1,1,1,1,1,0,NA,NA,NA,NA,NA,NA,NA,NA,NA,NA,NA,NA,NA,NA,NA,NA,NA,NA,NA,NA,NA,1
F1,mid,RUS-RE,3,A01,1,1,1,1,1,1,1,1,1,1,0,0,0,0,NA,NA,NA,NA,NA,NA,NA,NA,NA,NA,NA,NA,NA,NA,1
F1,mid,RUS-RE,3,A02,1,1,1,1,1,1,1,1,1,1,0,NA,NA,NA,NA,NA,NA,NA,NA,NA,NA,NA,NA,NA,NA,NA,NA,NA,1
F1,mid,RUS-RE,3,A03,1,1,1,1,1,1,1,1,1,1,0,NA,NA,NA,NA,NA,NA,NA,NA,NA,NA,NA,NA,NA,NA,NA,NA,NA,1
F1,mid,RUS-RE,3,A04,1,1,1,1,1,1,1,1,1,1,1,NA,NA,NA,NA,NA,NA,NA,NA,NA,NA,NA,NA,NA,NA,NA,NA,NA,1
F1,mid,RUS-RE,3,A05,1,1,1,1,1,1,1,1,1,1,0,0,0,NA,NA,NA,NA,NA,NA,NA,NA,NA,NA,NA,NA,NA,NA,NA,1
F1,mid,RUS-RE,3,A06,1,1,1,1,1,1,0,NA,NA,NA,NA,NA,NA,NA,NA,NA,NA,NA,NA,NA,NA,NA,NA,NA,NA,NA,NA,NA,1
F1,mid,RUS-RE,3,B01,1,1,1,1,1,1,1,1,1,1,1,1,1,0,0,0,0,0,0,NA,NA,NA,NA,NA,NA,NA,NA,NA,1
F1,mid,RUS-RE,3,B02,1,1,1,0,NA,NA,NA,NA,NA,NA,NA,NA,NA,NA,NA,NA,NA,NA,NA,NA,NA,NA,NA,NA,NA,NA,NA,NA,1
F1,mid,RUS-RE,3,B03,1,1,1,1,1,1,1,1,1,1,1,0,0,0,0,0,0,0,0,NA,NA,NA,NA,NA,NA,NA,NA,NA,1
F1,mid,RUS-RE,3,B04,1,1,1,1,1,1,1,1,1,1,1,0,0,NA,NA,NA,NA,NA,NA,NA,NA,NA,NA,NA,NA,NA,NA,NA,1
F1,mid,RUS-RE,3,B06,1,1,1,1,1,1,1,1,1,1,1,1,1,0,0,0,0,NA,NA,NA,NA,NA,NA,NA,NA,NA,NA,NA,1
F1,mid,RUS-RE,3,C02,1,1,1,1,1,1,1,1,0,NA,NA,NA,NA,NA,NA,NA,NA,NA,NA,NA,NA,NA,NA,NA,NA,NA,NA,NA,1
F1,mid,RUS-RE,3,C03,1,1,1,1,1,1,1,1,1,0,0,NA,NA,NA,NA,NA,NA,NA,NA,NA,NA,NA,NA,NA,NA,NA,NA,NA,1
F1,mid,RUS-RE,3,C04,1,1,1,1,1,1,1,1,1,0,0,NA,NA,NA,NA,NA,NA,NA,NA,NA,NA,NA,NA,NA,NA,NA,NA,NA,1
F1,mid,RUS-RE,3,C05,1,1,1,1,1,1,1,1,0,0,0,0,0,NA,NA,NA,NA,NA,NA,NA,NA,NA,NA,NA,NA,NA,NA,NA,1
F1,mid,RUS-RE,3,C06,1,1,1,1,1,1,0,NA,NA,NA,NA,NA,NA,NA,NA,NA,NA,NA,NA,NA,NA,NA,NA,NA,NA,NA,NA,NA,1
F1,mid,RUS-RE,3,D01,1,1,1,1,1,1,1,1,1,1,0,NA,NA,NA,NA,NA,NA,NA,NA,NA,NA,NA,NA,NA,NA,NA,NA,NA,1
F1,mid,RUS-RE,3,D02,1,1,1,1,1,1,1,1,1,1,0,0,0,0,0,0,0,0,0,0,0,0,NA,NA,NA,NA,NA,NA,1
F1,mid,RUS-RE,3,D03,1,1,1,1,1,1,1,1,1,1,1,1,1,0,0,NA,NA,NA,NA,NA,NA,NA,NA,NA,NA,NA,NA,NA,1
F1,mid,RUS-RE,3,D04,1,1,1,1,1,1,1,1,1,1,1,1,0,0,0,0,0,0,NA,NA,NA,NA,NA,NA,NA,NA,NA,NA,1
F1,mid,RUS-RE,3,D05,0,1,1,1,1,1,1,1,1,1,1,1,1,1,NA,NA,NA,NA,NA,NA,NA,NA,NA,NA,NA,NA,NA,NA,1
F1,mid,RUS-RE,3,D06,1,1,1,1,1,1,0,0,0,NA,NA,NA,NA,NA,NA,NA,NA,NA,NA,NA,NA,NA,NA,NA,NA,NA,NA,NA,1
F1,mid,BpL1,3,A01,0,1,1,1,1,1,1,1,1,0,0,NA,NA,NA,NA,NA,NA,NA,NA,NA,NA,NA,NA,NA,NA,NA,NA,NA,1
F1,mid,BpL1,3,A02,0,1,1,1,1,1,1,1,0,0,NA,NA,NA,NA,NA,NA,NA,NA,NA,NA,NA,NA,NA,NA,NA,NA,NA,NA,1
F1,mid,BpL1,3,A04,1,1,1,1,1,1,1,1,0,NA,NA,NA,NA,NA,NA,NA,NA,NA,NA,NA,NA,NA,NA,NA,NA,NA,NA,NA,1
F1,mid,BpL1,3,A05,0,1,1,1,1,1,1,1,0,0,0,0,0,NA,NA,NA,NA,NA,NA,NA,NA,NA,NA,NA,NA,NA,NA,NA,1
F1,mid,BpL1,3,A06,1,1,1,1,1,1,1,0,NA,NA,NA,NA,NA,NA,NA,NA,NA,NA,NA,NA,NA,NA,NA,NA,NA,NA,NA,NA,1
F1,mid,BpL1,3,B01,1,1,1,1,1,1,1,1,0,NA,NA,NA,NA,NA,NA,NA,NA,NA,NA,NA,NA,NA,NA,NA,NA,NA,NA,NA,1
F1,mid,BpL1,3,B02,0,1,1,0,NA,NA,NA,NA,NA,NA,NA,NA,NA,NA,NA,NA,NA,NA,NA,NA,NA,NA,NA,NA,NA,NA,NA,NA,1
F1,mid,BpL1,3,B03,1,1,1,1,1,1,0,NA,NA,NA,NA,NA,NA,NA,NA,NA,NA,NA,NA,NA,NA,NA,NA,NA,NA,NA,NA,NA,1
F1,mid,BpL1,3,B04,0,1,1,1,1,1,1,1,1,1,1,1,0,0,0,0,0,NA,NA,NA,NA,NA,NA,NA,NA,NA,NA,NA,1
F1,mid,BpL1,3,B05,1,1,1,1,1,1,1,1,1,1,1,1,1,1,1,1,0,NA,NA,NA,NA,NA,NA,NA,NA,NA,NA,NA,1
F1,mid,BpL1,3,B06,0,1,1,1,1,1,1,1,1,1,1,1,NA,NA,NA,NA,NA,NA,NA,NA,NA,NA,NA,NA,NA,NA,NA,NA,1
F1,mid,BpL1,3,C01,0,1,1,1,1,0,NA,NA,NA,NA,NA,NA,NA,NA,NA,NA,NA,NA,NA,NA,NA,NA,NA,NA,NA,NA,NA,NA,1
F1,mid,BpL1,3,C02,0,1,1,0,0,0,NA,NA,NA,NA,NA,NA,NA,NA,NA,NA,NA,NA,NA,NA,NA,NA,NA,NA,NA,NA,NA,NA,1
F1,mid,BpL1,3,C03,1,1,1,1,1,1,1,1,1,0,0,NA,NA,NA,NA,NA,NA,NA,NA,NA,NA,NA,NA,NA,NA,NA,NA,NA,1
F1,mid,BpL1,3,C04,0,1,1,1,1,1,0,NA,NA,NA,NA,NA,NA,NA,NA,NA,NA,NA,NA,NA,NA,NA,NA,NA,NA,NA,NA,NA,1
F1,mid,BpL1,3,C05,1,1,1,1,1,0,0,0,0,NA,NA,NA,NA,NA,NA,NA,NA,NA,NA,NA,NA,NA,NA,NA,NA,NA,NA,NA,1
F1,mid,BpL1,3,C06,1,1,1,1,1,1,0,0,0,0,NA,NA,NA,NA,NA,NA,NA,NA,NA,NA,NA,NA,NA,NA,NA,NA,NA,NA,1
F1,mid,BpL1,3,D01,0,1,0,0,0,0,0,0,0,0,NA,NA,NA,NA,NA,NA,NA,NA,NA,NA,NA,NA,NA,NA,NA,NA,NA,NA,1
F1,mid,BpL1,3,D02,1,1,1,1,1,1,0,0,0,0,NA,NA,NA,NA,NA,NA,NA,NA,NA,NA,NA,NA,NA,NA,NA,NA,NA,NA,0
F1,mid,BpL1,3,D03,1,1,1,1,1,1,1,1,1,1,0,0,NA,NA,NA,NA,NA,NA,NA,NA,NA,NA,NA,NA,NA,NA,NA,NA,1
F1,mid,BpL1,3,D04,1,1,1,1,1,1,0,NA,NA,NA,NA,NA,NA,NA,NA,NA,NA,NA,NA,NA,NA,NA,NA,NA,NA,NA,NA,NA,1
F1,mid,BpL1,3,D05,1,1,1,1,1,1,0,NA,NA,NA,NA,NA,NA,NA,NA,NA,NA,NA,NA,NA,NA,NA,NA,NA,NA,NA,NA,NA,1
F1,mid,BpL1,3,D06,0,1,1,1,1,1,1,0,NA,NA,NA,NA,NA,NA,NA,NA,NA,NA,NA,NA,NA,NA,NA,NA,NA,NA,NA,NA,1
F1,old,L5,1,A01,1,1,1,1,1,1,0,0,0,0,0,0,0,NA,NA,NA,NA,NA,NA,NA,NA,NA,NA,NA,NA,NA,NA,NA,1
F1,old,L5,1,A02,1,1,1,1,1,1,1,0,0,0,0,0,0,0,0,NA,NA,NA,NA,NA,NA,NA,NA,NA,NA,NA,NA,NA,1
F1,old,L5,1,A03,1,1,1,1,1,1,1,0,0,0,0,0,0,NA,NA,NA,NA,NA,NA,NA,NA,NA,NA,NA,NA,NA,NA,NA,1
F1,old,L5,1,A04,1,1,1,1,1,1,1,0,0,0,0,0,NA,NA,NA,NA,NA,NA,NA,NA,NA,NA,NA,NA,NA,NA,NA,NA,1
F1,old,L5,1,A05,1,1,1,1,1,1,1,0,0,0,0,0,0,0,0,0,0,0,0,0,NA,NA,NA,NA,NA,NA,NA,NA,1
F1,old,L5,1,A06,1,1,1,1,1,1,1,1,0,0,0,0,NA,NA,NA,NA,NA,NA,NA,NA,NA,NA,NA,NA,NA,NA,NA,NA,1
F1,old,L5,1,B01,1,1,1,1,1,1,1,1,1,0,0,0,0,0,NA,NA,NA,NA,NA,NA,NA,NA,NA,NA,NA,NA,NA,NA,1
F1,old,L5,1,B02,1,1,1,1,1,1,1,1,0,0,0,0,0,0,0,0,0,0,0,NA,NA,NA,NA,NA,NA,NA,NA,NA,1
F1,old,L5,1,B03,1,1,1,1,1,1,0,0,0,0,0,0,0,0,0,0,0,0,0,NA,NA,NA,NA,NA,NA,NA,NA,NA,1
F1,old,L5,1,B04,1,1,1,1,1,1,0,0,0,0,0,0,0,0,0,NA,NA,NA,NA,NA,NA,NA,NA,NA,NA,NA,NA,NA,1
F1,old,L5,1,B05,1,1,1,1,1,1,1,1,0,0,0,0,0,0,0,NA,NA,NA,NA,NA,NA,NA,NA,NA,NA,NA,NA,NA,1
F1,old,L5,1,B06,1,1,1,1,1,1,0,0,0,0,0,0,NA,NA,NA,NA,NA,NA,NA,NA,NA,NA,NA,NA,NA,NA,NA,NA,1
F1,old,L5,1,C01,1,1,1,1,1,1,1,1,0,0,0,0,NA,NA,NA,NA,NA,NA,NA,NA,NA,NA,NA,NA,NA,NA,NA,NA,1
F1,old,L5,1,C02,1,1,1,1,1,1,1,1,1,0,0,0,0,0,0,0,NA,NA,NA,NA,NA,NA,NA,NA,NA,NA,NA,NA,1
F1,old,L5,1,C03,1,1,1,1,1,1,1,0,0,0,0,0,0,NA,NA,NA,NA,NA,NA,NA,NA,NA,NA,NA,NA,NA,NA,NA,1
F1,old,L5,1,C04,1,1,1,1,1,1,1,0,0,0,0,0,0,0,0,0,0,0,0,NA,NA,NA,NA,NA,NA,NA,NA,NA,1
F1,old,L5,1,C05,1,1,1,0,0,NA,NA,NA,NA,NA,NA,NA,NA,NA,NA,NA,NA,NA,NA,NA,NA,NA,NA,NA,NA,NA,NA,NA,1
F1,old,L5,1,C06,1,1,1,1,1,1,1,0,0,0,0,0,0,0,NA,NA,NA,NA,NA,NA,NA,NA,NA,NA,NA,NA,NA,NA,1
F1,old,L5,1,D01,0,1,1,1,1,1,1,1,1,0,0,0,0,0,0,0,0,NA,NA,NA,NA,NA,NA,NA,NA,NA,NA,NA,1
F1,old,L5,1,D02,1,1,1,1,1,1,0,0,0,0,0,0,0,0,0,0,0,0,0,0,NA,NA,NA,NA,NA,NA,NA,NA,1
F1,old,L5,1,D03,1,1,1,1,1,1,1,0,0,0,0,0,0,0,0,NA,NA,NA,NA,NA,NA,NA,NA,NA,NA,NA,NA,NA,1
F1,old,L5,1,D04,1,1,1,1,1,1,1,1,NA,NA,NA,NA,NA,NA,NA,NA,NA,NA,NA,NA,NA,NA,NA,NA,NA,NA,NA,NA,1
F1,old,L5,1,D05,0,1,1,1,1,1,1,0,0,0,0,0,NA,NA,NA,NA,NA,NA,NA,NA,NA,NA,NA,NA,NA,NA,NA,NA,1
F1,old,L5,1,D06,1,1,1,1,1,1,0,0,0,0,0,NA,NA,NA,NA,NA,NA,NA,NA,NA,NA,NA,NA,NA,NA,NA,NA,NA,1
F1,old,RUS-RE,1,A01,1,1,1,1,1,1,1,1,1,0,0,0,NA,NA,NA,NA,NA,NA,NA,NA,NA,NA,NA,NA,NA,NA,NA,NA,1
F1,old,RUS-RE,1,A02,1,1,1,1,1,1,1,1,1,1,1,0,0,0,0,0,0,NA,NA,NA,NA,NA,NA,NA,NA,NA,NA,NA,1
F1,old,RUS-RE,1,A03,1,1,1,1,1,1,1,0,0,0,0,0,NA,NA,NA,NA,NA,NA,NA,NA,NA,NA,NA,NA,NA,NA,NA,NA,1
F1,old,RUS-RE,1,A04,1,1,1,1,1,1,1,1,1,1,1,0,0,0,0,NA,NA,NA,NA,NA,NA,NA,NA,NA,NA,NA,NA,NA,1
F1,old,RUS-RE,1,A05,1,1,1,1,1,1,1,1,1,0,0,0,0,0,0,NA,NA,NA,NA,NA,NA,NA,NA,NA,NA,NA,NA,NA,1
F1,old,RUS-RE,1,A06,1,1,1,1,1,1,1,1,1,1,1,0,0,0,0,0,0,0,NA,NA,NA,NA,NA,NA,NA,NA,NA,NA,1
F1,old,RUS-RE,1,B01,1,1,1,1,1,1,1,1,0,0,0,0,NA,NA,NA,NA,NA,NA,NA,NA,NA,NA,NA,NA,NA,NA,NA,NA,1
F1,old,RUS-RE,1,B02,1,1,1,1,1,1,1,1,1,1,1,1,NA,NA,NA,NA,NA,NA,NA,NA,NA,NA,NA,NA,NA,NA,NA,NA,1
F1,old,RUS-RE,1,B03,1,1,1,1,1,1,1,1,1,0,0,0,0,NA,NA,NA,NA,NA,NA,NA,NA,NA,NA,NA,NA,NA,NA,NA,1
F1,old,RUS-RE,1,B04,1,1,1,1,1,1,1,1,1,0,0,NA,NA,NA,NA,NA,NA,NA,NA,NA,NA,NA,NA,NA,NA,NA,NA,NA,1
F1,old,RUS-RE,1,B05,1,1,1,1,1,1,1,1,1,0,0,0,0,NA,NA,NA,NA,NA,NA,NA,NA,NA,NA,NA,NA,NA,NA,NA,1
F1,old,RUS-RE,1,B06,1,1,1,1,1,1,1,1,0,NA,NA,NA,NA,NA,NA,NA,NA,NA,NA,NA,NA,NA,NA,NA,NA,NA,NA,NA,0
F1,old,RUS-RE,1,C01,1,1,1,1,1,1,NA,NA,NA,NA,NA,NA,NA,NA,NA,NA,NA,NA,NA,NA,NA,NA,NA,NA,NA,NA,NA,NA,1
F1,old,RUS-RE,1,C02,1,1,1,1,1,1,1,1,1,0,0,NA,NA,NA,NA,NA,NA,NA,NA,NA,NA,NA,NA,NA,NA,NA,NA,NA,1
F1,old,RUS-RE,1,C03,1,1,1,1,1,1,1,1,1,0,0,0,NA,NA,NA,NA,NA,NA,NA,NA,NA,NA,NA,NA,NA,NA,NA,NA,1
F1,old,RUS-RE,1,C04,1,1,1,1,1,1,1,1,0,0,0,0,NA,NA,NA,NA,NA,NA,NA,NA,NA,NA,NA,NA,NA,NA,NA,NA,1
F1,old,RUS-RE,1,C05,1,1,1,1,1,1,1,1,1,0,0,0,NA,NA,NA,NA,NA,NA,NA,NA,NA,NA,NA,NA,NA,NA,NA,NA,1
F1,old,RUS-RE,1,C06,0,0,0,0,0,0,0,0,0,0,0,0,NA,NA,NA,NA,NA,NA,NA,NA,NA,NA,NA,NA,NA,NA,NA,NA,1
F1,old,RUS-RE,1,D01,1,1,1,1,1,1,1,1,1,1,1,0,0,0,0,0,0,0,0,0,0,0,0,0,0,NA,NA,NA,1
F1,old,RUS-RE,1,D02,1,1,1,1,1,1,1,1,1,1,1,0,0,0,NA,NA,NA,NA,NA,NA,NA,NA,NA,NA,NA,NA,NA,NA,1
F1,old,RUS-RE,1,D03,1,1,1,1,1,1,1,1,1,1,1,1,0,0,NA,NA,NA,NA,NA,NA,NA,NA,NA,NA,NA,NA,NA,NA,1
F1,old,RUS-RE,1,D04,1,1,1,1,1,1,1,1,1,1,1,1,1,0,0,0,NA,NA,NA,NA,NA,NA,NA,NA,NA,NA,NA,NA,1
F1,old,RUS-RE,1,D05,1,1,1,1,1,1,1,1,1,1,1,1,1,1,0,0,0,NA,NA,NA,NA,NA,NA,NA,NA,NA,NA,NA,1
F1,old,RUS-RE,1,D06,1,1,1,1,1,1,1,1,1,0,0,0,NA,NA,NA,NA,NA,NA,NA,NA,NA,NA,NA,NA,NA,NA,NA,NA,1
F1,old,BpL1,1,A01,0,1,1,0,1,1,1,1,1,0,0,0,0,0,NA,NA,NA,NA,NA,NA,NA,NA,NA,NA,NA,NA,NA,NA,1
F1,old,BpL1,1,A02,1,1,1,1,0,0,0,0,0,0,NA,NA,NA,NA,NA,NA,NA,NA,NA,NA,NA,NA,NA,NA,NA,NA,NA,NA,1
F1,old,BpL1,1,A03,1,1,1,1,1,1,1,1,0,0,NA,NA,NA,NA,NA,NA,NA,NA,NA,NA,NA,NA,NA,NA,NA,NA,NA,NA,1
F1,old,BpL1,1,A04,1,1,1,1,1,1,1,1,1,1,1,1,0,0,NA,NA,NA,NA,NA,NA,NA,NA,NA,NA,NA,NA,NA,NA,1
F1,old,BpL1,1,A06,0,0,0,0,0,0,0,0,NA,NA,NA,NA,NA,NA,NA,NA,NA,NA,NA,NA,NA,NA,NA,NA,NA,NA,NA,NA,1
F1,old,BpL1,1,B02,1,1,1,0,0,0,0,0,0,0,NA,NA,NA,NA,NA,NA,NA,NA,NA,NA,NA,NA,NA,NA,NA,NA,NA,NA,1
F1,old,BpL1,1,B03,0,1,1,1,1,1,1,1,1,1,1,1,1,1,0,NA,NA,NA,NA,NA,NA,NA,NA,NA,NA,NA,NA,NA,1
F1,old,BpL1,1,B04,1,1,1,0,0,NA,NA,NA,NA,NA,NA,NA,NA,NA,NA,NA,NA,NA,NA,NA,NA,NA,NA,NA,NA,NA,NA,NA,1
F1,old,BpL1,1,B05,0,0,0,0,0,0,0,0,0,0,NA,NA,NA,NA,NA,NA,NA,NA,NA,NA,NA,NA,NA,NA,NA,NA,NA,NA,1
F1,old,BpL1,1,B06,1,1,1,1,1,1,1,1,0,0,0,0,0,NA,NA,NA,NA,NA,NA,NA,NA,NA,NA,NA,NA,NA,NA,NA,1
F1,old,BpL1,1,C01,1,1,1,1,1,1,0,0,0,0,0,0,0,0,0,NA,NA,NA,NA,NA,NA,NA,NA,NA,NA,NA,NA,NA,1
F1,old,BpL1,1,C03,1,1,1,1,1,1,1,1,0,NA,NA,NA,NA,NA,NA,NA,NA,NA,NA,NA,NA,NA,NA,NA,NA,NA,NA,NA,1
F1,old,BpL1,1,C04,0,1,1,1,1,1,1,1,1,0,0,0,0,0,0,NA,NA,NA,NA,NA,NA,NA,NA,NA,NA,NA,NA,NA,1
F1,old,BpL1,1,C05,1,1,1,1,1,1,1,0,0,0,NA,NA,NA,NA,NA,NA,NA,NA,NA,NA,NA,NA,NA,NA,NA,NA,NA,NA,1
F1,old,BpL1,1,C06,1,1,1,1,1,1,1,1,1,0,NA,NA,NA,NA,NA,NA,NA,NA,NA,NA,NA,NA,NA,NA,NA,NA,NA,NA,1
F1,old,BpL1,1,D01,1,1,1,1,1,1,1,1,1,1,1,1,1,NA,NA,NA,NA,NA,NA,NA,NA,NA,NA,NA,NA,NA,NA,NA,1
F1,old,BpL1,1,D02,0,1,1,1,0,NA,NA,NA,NA,NA,NA,NA,NA,NA,NA,NA,NA,NA,NA,NA,NA,NA,NA,NA,NA,NA,NA,NA,1
F1,old,BpL1,1,D03,1,1,1,1,0,0,NA,NA,NA,NA,NA,NA,NA,NA,NA,NA,NA,NA,NA,NA,NA,NA,NA,NA,NA,NA,NA,NA,1
F1,old,BpL1,1,D04,1,1,1,0,0,0,NA,NA,NA,NA,NA,NA,NA,NA,NA,NA,NA,NA,NA,NA,NA,NA,NA,NA,NA,NA,NA,NA,1
F1,old,BpL1,1,D05,0,1,1,1,1,1,0,0,0,NA,NA,NA,NA,NA,NA,NA,NA,NA,NA,NA,NA,NA,NA,NA,NA,NA,NA,NA,1
F1,old,BpL1,1,D06,1,1,1,1,1,1,1,1,1,0,NA,NA,NA,NA,NA,NA,NA,NA,NA,NA,NA,NA,NA,NA,NA,NA,NA,NA,1
F1,old,L5,2,A01,1,1,1,1,1,1,1,0,0,0,0,0,0,NA,NA,NA,NA,NA,NA,NA,NA,NA,NA,NA,NA,NA,NA,NA,1
F1,old,L5,2,A02,0,1,1,1,1,1,1,1,0,0,0,0,0,0,0,0,0,NA,NA,NA,NA,NA,NA,NA,NA,NA,NA,NA,1
F1,old,L5,2,A03,1,1,1,1,1,1,0,0,0,0,0,0,0,0,0,NA,NA,NA,NA,NA,NA,NA,NA,NA,NA,NA,NA,NA,1
F1,old,L5,2,A04,1,1,1,1,1,1,1,1,1,1,1,1,1,1,0,0,NA,NA,NA,NA,NA,NA,NA,NA,NA,NA,NA,NA,1
F1,old,L5,2,A05,1,1,1,1,1,1,1,0,0,0,0,0,0,0,0,0,0,0,0,0,NA,NA,NA,NA,NA,NA,NA,NA,1
F1,old,L5,2,A06,1,1,1,1,1,1,1,0,0,0,0,0,0,0,0,0,0,0,0,0,0,0,NA,NA,NA,NA,NA,NA,1
F1,old,L5,2,B01,1,1,1,1,1,1,1,0,0,0,NA,NA,NA,NA,NA,NA,NA,NA,NA,NA,NA,NA,NA,NA,NA,NA,NA,NA,1
F1,old,L5,2,B02,1,1,1,1,1,1,0,0,0,0,0,0,0,0,0,NA,NA,NA,NA,NA,NA,NA,NA,NA,NA,NA,NA,NA,1
F1,old,L5,2,B03,1,1,1,1,1,1,0,0,0,0,0,0,0,NA,NA,NA,NA,NA,NA,NA,NA,NA,NA,NA,NA,NA,NA,NA,1
F1,old,L5,2,B04,1,1,1,1,1,1,0,0,0,0,NA,NA,NA,NA,NA,NA,NA,NA,NA,NA,NA,NA,NA,NA,NA,NA,NA,NA,1
F1,old,L5,2,B05,1,1,1,1,1,1,1,0,0,0,0,0,0,0,NA,NA,NA,NA,NA,NA,NA,NA,NA,NA,NA,NA,NA,NA,1
F1,old,L5,2,B06,1,1,1,1,1,1,1,0,0,0,0,0,0,0,0,0,0,0,0,0,0,0,NA,NA,NA,NA,NA,NA,1
F1,old,L5,2,C01,1,1,1,1,1,1,0,0,0,0,0,0,0,0,0,NA,NA,NA,NA,NA,NA,NA,NA,NA,NA,NA,NA,NA,1
F1,old,L5,2,C02,1,1,1,1,1,1,1,0,0,0,0,0,0,NA,NA,NA,NA,NA,NA,NA,NA,NA,NA,NA,NA,NA,NA,NA,1
F1,old,L5,2,C03,0,1,1,1,1,0,0,0,0,0,NA,NA,NA,NA,NA,NA,NA,NA,NA,NA,NA,NA,NA,NA,NA,NA,NA,NA,1
F1,old,L5,2,C04,1,1,1,1,1,1,1,1,0,0,0,0,0,0,0,0,0,0,NA,NA,NA,NA,NA,NA,NA,NA,NA,NA,1
F1,old,L5,2,C05,0,1,1,1,1,1,1,0,0,0,0,0,NA,NA,NA,NA,NA,NA,NA,NA,NA,NA,NA,NA,NA,NA,NA,NA,1
F1,old,L5,2,C06,1,1,1,1,1,1,1,0,0,0,0,0,0,NA,NA,NA,NA,NA,NA,NA,NA,NA,NA,NA,NA,NA,NA,NA,1
F1,old,L5,2,D01,1,1,1,1,1,1,1,0,0,0,0,0,0,NA,NA,NA,NA,NA,NA,NA,NA,NA,NA,NA,NA,NA,NA,NA,1
F1,old,L5,2,D02,0,1,1,1,1,1,0,NA,NA,NA,NA,NA,NA,NA,NA,NA,NA,NA,NA,NA,NA,NA,NA,NA,NA,NA,NA,NA,1
F1,old,L5,2,D03,1,1,1,1,1,1,1,0,0,0,0,0,0,0,0,NA,NA,NA,NA,NA,NA,NA,NA,NA,NA,NA,NA,NA,1
F1,old,L5,2,D04,1,1,1,1,1,1,1,0,0,0,0,0,0,NA,NA,NA,NA,NA,NA,NA,NA,NA,NA,NA,NA,NA,NA,NA,1
F1,old,L5,2,D05,1,1,1,1,1,1,1,0,0,0,0,0,0,NA,NA,NA,NA,NA,NA,NA,NA,NA,NA,NA,NA,NA,NA,NA,1
F1,old,L5,2,D06,1,1,1,1,1,1,1,0,0,0,0,0,0,0,0,NA,NA,NA,NA,NA,NA,NA,NA,NA,NA,NA,NA,NA,1
F1,old,RUS-RE,2,A01,1,1,1,1,1,1,0,NA,NA,NA,NA,NA,NA,NA,NA,NA,NA,NA,NA,NA,NA,NA,NA,NA,NA,NA,NA,NA,1
F1,old,RUS-RE,2,A02,1,1,1,1,1,1,1,1,1,0,NA,NA,NA,NA,NA,NA,NA,NA,NA,NA,NA,NA,NA,NA,NA,NA,NA,NA,1
F1,old,RUS-RE,2,A03,1,1,1,1,1,1,1,1,0,0,0,0,0,NA,NA,NA,NA,NA,NA,NA,NA,NA,NA,NA,NA,NA,NA,NA,1
F1,old,RUS-RE,2,A04,1,1,1,1,1,1,1,1,1,1,0,0,0,0,NA,NA,NA,NA,NA,NA,NA,NA,NA,NA,NA,NA,NA,NA,1
F1,old,RUS-RE,2,A05,1,1,1,1,1,1,1,1,0,0,0,NA,NA,NA,NA,NA,NA,NA,NA,NA,NA,NA,NA,NA,NA,NA,NA,NA,1
F1,old,RUS-RE,2,B01,1,1,1,1,1,1,1,1,1,0,NA,NA,NA,NA,NA,NA,NA,NA,NA,NA,NA,NA,NA,NA,NA,NA,NA,NA,1
F1,old,RUS-RE,2,B02,1,1,1,1,1,1,1,1,NA,NA,NA,NA,NA,NA,NA,NA,NA,NA,NA,NA,NA,NA,NA,NA,NA,NA,NA,NA,1
F1,old,RUS-RE,2,B03,1,1,1,1,1,1,1,1,1,0,0,0,NA,NA,NA,NA,NA,NA,NA,NA,NA,NA,NA,NA,NA,NA,NA,NA,1
F1,old,RUS-RE,2,B04,1,1,1,1,1,1,1,1,1,1,0,0,0,0,NA,NA,NA,NA,NA,NA,NA,NA,NA,NA,NA,NA,NA,NA,1
F1,old,RUS-RE,2,B05,1,1,1,1,1,1,1,1,0,0,0,0,NA,NA,NA,NA,NA,NA,NA,NA,NA,NA,NA,NA,NA,NA,NA,NA,1
F1,old,RUS-RE,2,B06,1,1,1,1,1,1,1,1,0,0,0,0,0,0,0,0,NA,NA,NA,NA,NA,NA,NA,NA,NA,NA,NA,NA,1
F1,old,RUS-RE,2,C01,1,1,1,1,1,1,1,1,1,1,0,0,0,0,NA,NA,NA,NA,NA,NA,NA,NA,NA,NA,NA,NA,NA,NA,1
F1,old,RUS-RE,2,C02,1,1,1,1,1,1,1,1,1,1,0,0,NA,NA,NA,NA,NA,NA,NA,NA,NA,NA,NA,NA,NA,NA,NA,NA,1
F1,old,RUS-RE,2,C03,1,1,1,1,1,1,1,1,NA,NA,NA,NA,NA,NA,NA,NA,NA,NA,NA,NA,NA,NA,NA,NA,NA,NA,NA,NA,1
F1,old,RUS-RE,2,C04,1,1,1,1,1,1,1,1,1,1,1,0,0,0,0,0,0,NA,NA,NA,NA,NA,NA,NA,NA,NA,NA,NA,1
F1,old,RUS-RE,2,C05,0,1,1,1,1,1,1,1,1,1,1,0,NA,NA,NA,NA,NA,NA,NA,NA,NA,NA,NA,NA,NA,NA,NA,NA,1
F1,old,RUS-RE,2,C06,1,1,1,1,1,1,1,1,1,0,0,NA,NA,NA,NA,NA,NA,NA,NA,NA,NA,NA,NA,NA,NA,NA,NA,NA,1
F1,old,RUS-RE,2,D01,1,1,1,1,1,1,1,1,1,0,0,0,0,0,0,0,0,0,NA,NA,NA,NA,NA,NA,NA,NA,NA,NA,1
F1,old,RUS-RE,2,D02,1,1,1,1,1,1,1,1,0,0,0,0,NA,NA,NA,NA,NA,NA,NA,NA,NA,NA,NA,NA,NA,NA,NA,NA,1
F1,old,RUS-RE,2,D03,1,1,1,1,1,1,1,1,1,0,0,0,0,0,0,NA,NA,NA,NA,NA,NA,NA,NA,NA,NA,NA,NA,NA,1
F1,old,RUS-RE,2,D04,1,1,1,1,1,1,1,1,1,0,0,0,NA,NA,NA,NA,NA,NA,NA,NA,NA,NA,NA,NA,NA,NA,NA,NA,1
F1,old,RUS-RE,2,D05,1,1,1,1,1,1,1,1,1,1,0,0,0,NA,NA,NA,NA,NA,NA,NA,NA,NA,NA,NA,NA,NA,NA,NA,1
F1,old,RUS-RE,2,D06,1,1,1,1,1,1,1,1,1,1,1,0,NA,NA,NA,NA,NA,NA,NA,NA,NA,NA,NA,NA,NA,NA,NA,NA,1
F1,old,BpL1,2,A01,1,1,1,1,1,1,0,0,0,0,0,0,NA,NA,NA,NA,NA,NA,NA,NA,NA,NA,NA,NA,NA,NA,NA,NA,1
F1,old,BpL1,2,A02,1,1,1,1,0,NA,NA,NA,NA,NA,NA,NA,NA,NA,NA,NA,NA,NA,NA,NA,NA,NA,NA,NA,NA,NA,NA,NA,1
F1,old,BpL1,2,A03,1,1,1,1,1,1,1,0,0,0,0,0,0,0,NA,NA,NA,NA,NA,NA,NA,NA,NA,NA,NA,NA,NA,NA,1
F1,old,BpL1,2,A04,1,1,1,1,1,1,0,0,0,0,0,NA,NA,NA,NA,NA,NA,NA,NA,NA,NA,NA,NA,NA,NA,NA,NA,NA,1
F1,old,BpL1,2,A05,0,1,1,1,1,1,1,1,0,0,0,0,NA,NA,NA,NA,NA,NA,NA,NA,NA,NA,NA,NA,NA,NA,NA,NA,0
F1,old,BpL1,2,B01,1,1,1,1,1,0,0,0,0,0,0,0,0,0,NA,NA,NA,NA,NA,NA,NA,NA,NA,NA,NA,NA,NA,NA,1
F1,old,BpL1,2,B02,1,1,1,1,1,1,1,1,1,1,1,1,0,0,0,0,NA,NA,NA,NA,NA,NA,NA,NA,NA,NA,NA,NA,0
F1,old,BpL1,2,B04,1,1,1,1,1,1,1,1,1,1,1,0,0,NA,NA,NA,NA,NA,NA,NA,NA,NA,NA,NA,NA,NA,NA,NA,1
F1,old,BpL1,2,B05,1,1,1,1,1,0,0,0,0,0,0,NA,NA,NA,NA,NA,NA,NA,NA,NA,NA,NA,NA,NA,NA,NA,NA,NA,1
F1,old,BpL1,2,B06,0,0,0,0,0,0,0,0,0,0,0,0,0,NA,NA,NA,NA,NA,NA,NA,NA,NA,NA,NA,NA,NA,NA,NA,1
F1,old,BpL1,2,C01,1,1,1,1,1,0,0,0,0,0,NA,NA,NA,NA,NA,NA,NA,NA,NA,NA,NA,NA,NA,NA,NA,NA,NA,NA,1
F1,old,BpL1,2,C02,0,1,1,1,1,1,1,1,0,0,0,NA,NA,NA,NA,NA,NA,NA,NA,NA,NA,NA,NA,NA,NA,NA,NA,NA,1
F1,old,BpL1,2,C03,0,0,1,1,1,1,0,0,NA,NA,NA,NA,NA,NA,NA,NA,NA,NA,NA,NA,NA,NA,NA,NA,NA,NA,NA,NA,1
F1,old,BpL1,2,C04,1,1,1,1,1,1,1,0,0,0,NA,NA,NA,NA,NA,NA,NA,NA,NA,NA,NA,NA,NA,NA,NA,NA,NA,NA,1
F1,old,BpL1,2,C06,0,0,0,0,0,NA,NA,NA,NA,NA,NA,NA,NA,NA,NA,NA,NA,NA,NA,NA,NA,NA,NA,NA,NA,NA,NA,NA,1
F1,old,BpL1,2,D01,1,1,1,1,1,1,0,0,0,NA,NA,NA,NA,NA,NA,NA,NA,NA,NA,NA,NA,NA,NA,NA,NA,NA,NA,NA,1
F1,old,BpL1,2,D02,1,1,1,1,1,1,1,0,NA,NA,NA,NA,NA,NA,NA,NA,NA,NA,NA,NA,NA,NA,NA,NA,NA,NA,NA,NA,1
F1,old,BpL1,2,D03,0,1,1,1,1,1,0,0,0,NA,NA,NA,NA,NA,NA,NA,NA,NA,NA,NA,NA,NA,NA,NA,NA,NA,NA,NA,1
F1,old,L5,3,A01,1,1,1,1,1,1,1,0,0,0,0,0,0,0,0,0,0,0,0,0,0,NA,NA,NA,NA,NA,NA,NA,1
F1,old,L5,3,A02,1,1,1,1,1,1,1,1,1,0,0,0,0,0,NA,NA,NA,NA,NA,NA,NA,NA,NA,NA,NA,NA,NA,NA,1
F1,old,L5,3,A03,1,1,1,1,1,1,1,0,0,0,0,0,0,0,0,0,NA,NA,NA,NA,NA,NA,NA,NA,NA,NA,NA,NA,1
F1,old,L5,3,A04,1,1,1,1,1,1,1,0,0,0,0,0,0,NA,NA,NA,NA,NA,NA,NA,NA,NA,NA,NA,NA,NA,NA,NA,1
F1,old,L5,3,A05,1,1,1,1,1,1,1,0,0,0,0,0,NA,NA,NA,NA,NA,NA,NA,NA,NA,NA,NA,NA,NA,NA,NA,NA,1
F1,old,L5,3,A06,1,1,1,1,1,0,0,0,0,0,0,0,0,NA,NA,NA,NA,NA,NA,NA,NA,NA,NA,NA,NA,NA,NA,NA,1
F1,old,L5,3,B01,1,1,1,1,1,1,1,0,0,0,0,0,0,0,0,0,0,0,0,NA,NA,NA,NA,NA,NA,NA,NA,NA,1
F1,old,L5,3,B02,1,1,1,1,1,1,0,0,0,0,0,0,0,0,0,0,NA,NA,NA,NA,NA,NA,NA,NA,NA,NA,NA,NA,1
F1,old,L5,3,B03,0,1,1,1,1,1,1,1,0,0,0,0,0,0,0,NA,NA,NA,NA,NA,NA,NA,NA,NA,NA,NA,NA,NA,1
F1,old,L5,3,B04,0,1,1,1,0,0,0,0,0,NA,NA,NA,NA,NA,NA,NA,NA,NA,NA,NA,NA,NA,NA,NA,NA,NA,NA,NA,1
F1,old,L5,3,B05,1,1,1,1,1,1,1,0,0,0,0,0,0,0,0,0,0,NA,NA,NA,NA,NA,NA,NA,NA,NA,NA,NA,1
F1,old,L5,3,B06,1,1,1,1,1,1,1,0,0,0,0,0,0,0,0,0,0,0,0,0,0,NA,NA,NA,NA,NA,NA,NA,1
F1,old,L5,3,C01,1,1,1,1,1,1,1,1,0,0,0,0,0,0,0,0,0,NA,NA,NA,NA,NA,NA,NA,NA,NA,NA,NA,1
F1,old,L5,3,C02,1,1,1,1,1,1,0,0,0,0,0,0,0,0,0,NA,NA,NA,NA,NA,NA,NA,NA,NA,NA,NA,NA,NA,1
F1,old,L5,3,C03,1,1,1,1,1,1,0,0,0,0,0,0,NA,NA,NA,NA,NA,NA,NA,NA,NA,NA,NA,NA,NA,NA,NA,NA,1
F1,old,L5,3,C04,1,1,1,1,1,1,0,0,0,0,0,0,0,0,0,NA,NA,NA,NA,NA,NA,NA,NA,NA,NA,NA,NA,NA,1
F1,old,L5,3,C05,0,1,1,1,1,1,1,1,1,1,0,0,0,0,0,0,0,0,0,0,0,NA,NA,NA,NA,NA,NA,NA,1
F1,old,L5,3,C06,1,1,1,1,1,1,1,0,0,0,0,0,NA,NA,NA,NA,NA,NA,NA,NA,NA,NA,NA,NA,NA,NA,NA,NA,1
F1,old,L5,3,D01,1,1,1,1,1,1,1,1,0,0,0,0,0,0,NA,NA,NA,NA,NA,NA,NA,NA,NA,NA,NA,NA,NA,NA,1
F1,old,L5,3,D02,1,1,1,1,1,1,1,0,0,0,0,0,0,0,NA,NA,NA,NA,NA,NA,NA,NA,NA,NA,NA,NA,NA,NA,1
F1,old,L5,3,D03,1,1,1,1,1,1,1,0,0,0,0,0,0,0,0,0,NA,NA,NA,NA,NA,NA,NA,NA,NA,NA,NA,NA,1
F1,old,L5,3,D04,0,1,1,1,1,1,1,1,0,0,0,0,0,0,0,0,0,0,0,0,NA,NA,NA,NA,NA,NA,NA,NA,1
F1,old,L5,3,D05,1,1,1,1,1,1,1,0,0,0,0,0,0,NA,NA,NA,NA,NA,NA,NA,NA,NA,NA,NA,NA,NA,NA,NA,1
F1,old,L5,3,D06,1,1,1,1,1,1,1,1,0,0,0,0,0,0,0,0,0,0,0,0,NA,NA,NA,NA,NA,NA,NA,NA,1
F1,old,RUS-RE,3,A01,1,1,1,1,1,1,1,1,0,0,0,0,0,0,0,NA,NA,NA,NA,NA,NA,NA,NA,NA,NA,NA,NA,NA,1
F1,old,RUS-RE,3,A02,1,1,1,1,1,1,1,1,0,0,0,0,0,0,0,0,NA,NA,NA,NA,NA,NA,NA,NA,NA,NA,NA,NA,1
F1,old,RUS-RE,3,A03,1,1,1,1,1,1,1,1,0,0,0,0,0,NA,NA,NA,NA,NA,NA,NA,NA,NA,NA,NA,NA,NA,NA,NA,1
F1,old,RUS-RE,3,A04,1,1,1,1,1,0,0,NA,NA,NA,NA,NA,NA,NA,NA,NA,NA,NA,NA,NA,NA,NA,NA,NA,NA,NA,NA,NA,1
F1,old,RUS-RE,3,A05,1,1,1,1,1,1,1,1,1,1,0,0,0,0,0,0,0,0,NA,NA,NA,NA,NA,NA,NA,NA,NA,NA,0
F1,old,RUS-RE,3,A06,1,1,1,1,1,1,1,1,1,1,0,0,0,0,NA,NA,NA,NA,NA,NA,NA,NA,NA,NA,NA,NA,NA,NA,1
F1,old,RUS-RE,3,B01,1,1,1,1,1,1,1,1,1,0,0,NA,NA,NA,NA,NA,NA,NA,NA,NA,NA,NA,NA,NA,NA,NA,NA,NA,1
F1,old,RUS-RE,3,B02,1,1,1,1,1,1,1,1,0,0,0,NA,NA,NA,NA,NA,NA,NA,NA,NA,NA,NA,NA,NA,NA,NA,NA,NA,1
F1,old,RUS-RE,3,B03,1,1,1,1,1,1,1,1,0,NA,NA,NA,NA,NA,NA,NA,NA,NA,NA,NA,NA,NA,NA,NA,NA,NA,NA,NA,1
F1,old,RUS-RE,3,B04,1,1,1,1,1,1,1,1,0,0,0,NA,NA,NA,NA,NA,NA,NA,NA,NA,NA,NA,NA,NA,NA,NA,NA,NA,1
F1,old,RUS-RE,3,B05,1,1,1,1,1,1,1,1,0,0,0,0,NA,NA,NA,NA,NA,NA,NA,NA,NA,NA,NA,NA,NA,NA,NA,NA,1
F1,old,RUS-RE,3,B06,1,1,1,1,1,1,0,NA,NA,NA,NA,NA,NA,NA,NA,NA,NA,NA,NA,NA,NA,NA,NA,NA,NA,NA,NA,NA,1
F1,old,RUS-RE,3,C01,1,1,1,1,1,1,NA,NA,NA,NA,NA,NA,NA,NA,NA,NA,NA,NA,NA,NA,NA,NA,NA,NA,NA,NA,NA,NA,1
F1,old,RUS-RE,3,C02,1,1,1,1,1,NA,NA,NA,NA,NA,NA,NA,NA,NA,NA,NA,NA,NA,NA,NA,NA,NA,NA,NA,NA,NA,NA,NA,0
F1,old,RUS-RE,3,C03,1,1,1,1,1,1,1,1,0,0,0,0,0,NA,NA,NA,NA,NA,NA,NA,NA,NA,NA,NA,NA,NA,NA,NA,1
F1,old,RUS-RE,3,C04,1,1,1,1,1,1,1,1,0,0,0,0,0,NA,NA,NA,NA,NA,NA,NA,NA,NA,NA,NA,NA,NA,NA,NA,1
F1,old,RUS-RE,3,C05,1,1,1,1,1,1,1,0,NA,NA,NA,NA,NA,NA,NA,NA,NA,NA,NA,NA,NA,NA,NA,NA,NA,NA,NA,NA,1
F1,old,RUS-RE,3,C06,1,1,1,1,1,1,1,1,1,0,0,0,NA,NA,NA,NA,NA,NA,NA,NA,NA,NA,NA,NA,NA,NA,NA,NA,1
F1,old,RUS-RE,3,D01,1,1,1,1,1,1,1,1,1,0,NA,NA,NA,NA,NA,NA,NA,NA,NA,NA,NA,NA,NA,NA,NA,NA,NA,NA,1
F1,old,RUS-RE,3,D02,1,1,1,1,1,1,1,1,1,1,1,0,0,0,NA,NA,NA,NA,NA,NA,NA,NA,NA,NA,NA,NA,NA,NA,1
F1,old,RUS-RE,3,D03,1,1,1,1,1,1,1,1,1,1,0,0,NA,NA,NA,NA,NA,NA,NA,NA,NA,NA,NA,NA,NA,NA,NA,NA,1
F1,old,RUS-RE,3,D04,1,1,1,1,1,1,1,1,1,1,0,0,NA,NA,NA,NA,NA,NA,NA,NA,NA,NA,NA,NA,NA,NA,NA,NA,1
F1,old,RUS-RE,3,D05,1,1,1,1,1,1,1,0,0,0,0,0,0,NA,NA,NA,NA,NA,NA,NA,NA,NA,NA,NA,NA,NA,NA,NA,1
F1,old,RUS-RE,3,D06,1,1,1,1,1,1,1,1,1,0,0,0,0,0,NA,NA,NA,NA,NA,NA,NA,NA,NA,NA,NA,NA,NA,NA,1
F1,young,RUS,1,A01,0,1,1,1,1,1,1,1,1,1,1,1,1,1,0,0,0,0,NA,NA,NA,NA,NA,NA,NA,NA,NA,NA,1
F1,young,RUS,1,A02,0,1,1,1,1,1,1,1,1,1,1,1,1,1,1,1,1,0,0,0,0,NA,NA,NA,NA,NA,NA,NA,1
F1,young,RUS,1,A03,0,1,1,1,1,1,1,1,1,1,1,1,0,0,0,0,NA,NA,NA,NA,NA,NA,NA,NA,NA,NA,NA,NA,1
F1,young,RUS,1,A04,0,1,1,1,1,1,1,1,1,1,1,0,NA,NA,NA,NA,NA,NA,NA,NA,NA,NA,NA,NA,NA,NA,NA,NA,1
F1,young,RUS,1,A05,0,1,1,1,1,1,1,1,1,1,0,0,NA,NA,NA,NA,NA,NA,NA,NA,NA,NA,NA,NA,NA,NA,NA,NA,1
F1,young,RUS,1,A06,0,1,1,1,1,1,1,1,1,1,1,1,1,0,0,0,0,NA,NA,NA,NA,NA,NA,NA,NA,NA,NA,NA,1
F1,young,RUS,1,B01,0,1,1,1,1,1,1,1,1,1,1,1,1,1,1,1,0,0,NA,NA,NA,NA,NA,NA,NA,NA,NA,NA,1
F1,young,RUS,1,B02,0,1,1,1,1,1,1,1,1,1,1,1,1,0,0,0,0,0,0,NA,NA,NA,NA,NA,NA,NA,NA,NA,1
F1,young,RUS,1,B03,0,1,1,1,1,1,1,1,1,1,1,1,1,1,1,1,1,0,0,0,0,NA,NA,NA,NA,NA,NA,NA,1
F1,young,RUS,1,B04,0,1,1,1,1,1,1,1,1,1,0,NA,NA,NA,NA,NA,NA,NA,NA,NA,NA,NA,NA,NA,NA,NA,NA,NA,1
F1,young,RUS,1,B05,0,1,1,1,1,1,1,1,1,1,1,1,1,1,1,1,1,0,0,0,0,NA,NA,NA,NA,NA,NA,NA,1
F1,young,RUS,1,B06,0,1,1,1,1,1,1,1,1,1,1,1,1,1,0,0,NA,NA,NA,NA,NA,NA,NA,NA,NA,NA,NA,NA,1
F1,young,RUS,1,C01,0,1,1,1,1,1,1,1,1,NA,NA,NA,NA,NA,NA,NA,NA,NA,NA,NA,NA,NA,NA,NA,NA,NA,NA,NA,0
F1,young,RUS,1,C02,0,1,1,1,1,1,1,1,1,1,1,1,1,1,0,0,0,0,0,0,0,0,0,NA,NA,NA,NA,NA,1
F1,young,RUS,1,C04,0,1,1,1,1,1,1,1,1,1,1,1,0,0,0,0,NA,NA,NA,NA,NA,NA,NA,NA,NA,NA,NA,NA,1
F1,young,RUS,1,C05,0,1,1,1,0,NA,NA,NA,NA,NA,NA,NA,NA,NA,NA,NA,NA,NA,NA,NA,NA,NA,NA,NA,NA,NA,NA,NA,1
F1,young,RUS,1,D01,0,1,1,1,1,1,1,1,1,1,0,0,NA,NA,NA,NA,NA,NA,NA,NA,NA,NA,NA,NA,NA,NA,NA,NA,1
F1,young,RUS,1,D02,0,1,1,1,1,1,1,1,1,1,1,0,NA,NA,NA,NA,NA,NA,NA,NA,NA,NA,NA,NA,NA,NA,NA,NA,1
F1,young,RUS,1,D03,0,1,1,1,1,1,1,1,1,1,1,1,1,1,1,1,0,0,NA,NA,NA,NA,NA,NA,NA,NA,NA,NA,1
F1,young,RUS,1,D04,0,1,1,1,1,1,1,1,1,1,1,1,1,1,1,0,0,0,0,0,0,0,0,NA,NA,NA,NA,NA,1
F1,young,RUS,1,D05,0,1,1,1,1,1,1,1,1,1,1,1,1,1,1,1,1,0,NA,NA,NA,NA,NA,NA,NA,NA,NA,NA,1
F1,young,RUS,1,D06,0,1,1,1,1,1,1,1,1,1,1,0,0,0,NA,NA,NA,NA,NA,NA,NA,NA,NA,NA,NA,NA,NA,NA,1
F1,young,RUS,2,A01,0,0,1,1,1,1,1,1,1,1,1,1,1,1,1,1,1,1,0,0,0,NA,NA,NA,NA,NA,NA,NA,1
F1,young,RUS,2,A02,0,0,1,1,1,1,1,1,1,1,1,1,1,1,1,0,0,NA,NA,NA,NA,NA,NA,NA,NA,NA,NA,NA,1
F1,young,RUS,2,A03,0,1,1,1,1,1,1,1,1,1,0,0,NA,NA,NA,NA,NA,NA,NA,NA,NA,NA,NA,NA,NA,NA,NA,NA,1
F1,young,RUS,2,A04,0,1,1,1,1,1,0,NA,NA,NA,NA,NA,NA,NA,NA,NA,NA,NA,NA,NA,NA,NA,NA,NA,NA,NA,NA,NA,1
F1,young,RUS,2,A05,0,0,1,1,1,1,1,1,1,1,1,1,NA,NA,NA,NA,NA,NA,NA,NA,NA,NA,NA,NA,NA,NA,NA,NA,0
F1,young,RUS,2,A06,0,1,1,1,1,1,1,1,1,1,1,1,1,1,1,NA,NA,NA,NA,NA,NA,NA,NA,NA,NA,NA,NA,NA,0
F1,young,RUS,2,B01,0,1,1,1,1,1,1,1,0,NA,NA,NA,NA,NA,NA,NA,NA,NA,NA,NA,NA,NA,NA,NA,NA,NA,NA,NA,1
F1,young,RUS,2,B02,0,1,1,1,1,1,1,1,1,1,1,1,1,1,0,NA,NA,NA,NA,NA,NA,NA,NA,NA,NA,NA,NA,NA,1
F1,young,RUS,2,B03,0,1,1,1,1,1,1,1,1,1,1,1,1,0,0,0,0,0,0,0,NA,NA,NA,NA,NA,NA,NA,NA,1
F1,young,RUS,2,B04,0,1,1,1,1,1,1,1,1,1,1,1,1,1,0,0,0,NA,NA,NA,NA,NA,NA,NA,NA,NA,NA,NA,1
F1,young,RUS,2,B05,0,1,1,1,1,1,1,1,1,1,1,1,1,1,1,1,1,1,0,0,NA,NA,NA,NA,NA,NA,NA,NA,1
F1,young,RUS,2,B06,0,1,1,1,1,1,1,1,1,1,1,1,1,1,1,0,0,0,NA,NA,NA,NA,NA,NA,NA,NA,NA,NA,1
F1,young,RUS,2,C01,0,1,1,1,1,1,1,0,NA,NA,NA,NA,NA,NA,NA,NA,NA,NA,NA,NA,NA,NA,NA,NA,NA,NA,NA,NA,1
F1,young,RUS,2,C03,0,1,1,1,1,1,1,1,1,1,1,1,1,1,1,0,0,NA,NA,NA,NA,NA,NA,NA,NA,NA,NA,NA,1
F1,young,RUS,2,C05,0,1,1,1,1,1,1,1,1,1,1,1,1,1,1,1,1,1,1,0,0,NA,NA,NA,NA,NA,NA,NA,1
F1,young,RUS,2,D02,0,1,1,1,1,1,1,1,1,1,1,1,1,1,1,1,1,0,0,0,0,0,NA,NA,NA,NA,NA,NA,1
F1,young,RUS,2,D03,0,1,1,1,1,1,1,1,1,1,1,1,1,1,0,0,0,0,0,NA,NA,NA,NA,NA,NA,NA,NA,NA,1
F1,young,RUS,2,D04,0,1,1,1,1,1,1,1,1,1,1,0,0,NA,NA,NA,NA,NA,NA,NA,NA,NA,NA,NA,NA,NA,NA,NA,1
F1,young,RUS,2,D05,0,1,1,1,1,1,1,1,1,1,0,NA,NA,NA,NA,NA,NA,NA,NA,NA,NA,NA,NA,NA,NA,NA,NA,NA,1
F1,young,RUS,2,D06,0,1,1,1,1,1,1,1,1,1,1,0,NA,NA,NA,NA,NA,NA,NA,NA,NA,NA,NA,NA,NA,NA,NA,NA,1
F1,young,RUS,3,A01,0,1,1,1,1,1,1,1,1,1,NA,NA,NA,NA,NA,NA,NA,NA,NA,NA,NA,NA,NA,NA,NA,NA,NA,NA,0
F1,young,RUS,3,A02,0,0,1,1,1,1,0,NA,NA,NA,NA,NA,NA,NA,NA,NA,NA,NA,NA,NA,NA,NA,NA,NA,NA,NA,NA,NA,0
F1,young,RUS,3,A03,0,1,1,1,1,1,1,1,1,1,NA,NA,NA,NA,NA,NA,NA,NA,NA,NA,NA,NA,NA,NA,NA,NA,NA,NA,0
F1,young,RUS,3,A04,0,1,1,1,1,1,1,1,1,1,NA,NA,NA,NA,NA,NA,NA,NA,NA,NA,NA,NA,NA,NA,NA,NA,NA,NA,0
F1,young,RUS,3,A05,0,1,1,1,1,1,NA,NA,NA,NA,NA,NA,NA,NA,NA,NA,NA,NA,NA,NA,NA,NA,NA,NA,NA,NA,NA,NA,0
F1,young,RUS,3,A06,0,0,1,1,1,1,1,1,1,1,NA,NA,NA,NA,NA,NA,NA,NA,NA,NA,NA,NA,NA,NA,NA,NA,NA,NA,0
F1,young,RUS,3,B02,0,0,1,1,1,1,1,1,1,1,NA,NA,NA,NA,NA,NA,NA,NA,NA,NA,NA,NA,NA,NA,NA,NA,NA,NA,0
F1,young,RUS,3,B03,0,1,1,1,1,1,1,1,1,1,NA,NA,NA,NA,NA,NA,NA,NA,NA,NA,NA,NA,NA,NA,NA,NA,NA,NA,0
F1,young,RUS,3,B04,0,1,1,1,1,1,1,1,1,1,NA,NA,NA,NA,NA,NA,NA,NA,NA,NA,NA,NA,NA,NA,NA,NA,NA,NA,0
F1,young,RUS,3,B05,0,1,1,1,1,1,1,1,1,1,NA,NA,NA,NA,NA,NA,NA,NA,NA,NA,NA,NA,NA,NA,NA,NA,NA,NA,0
F1,young,RUS,3,B06,0,1,1,1,1,1,1,1,1,1,NA,NA,NA,NA,NA,NA,NA,NA,NA,NA,NA,NA,NA,NA,NA,NA,NA,NA,0
F1,young,RUS,3,C01,0,1,1,1,1,1,1,1,1,1,NA,NA,NA,NA,NA,NA,NA,NA,NA,NA,NA,NA,NA,NA,NA,NA,NA,NA,0
F1,young,RUS,3,C02,0,1,1,1,1,1,1,1,1,NA,NA,NA,NA,NA,NA,NA,NA,NA,NA,NA,NA,NA,NA,NA,NA,NA,NA,NA,0
F1,young,RUS,3,C03,0,1,1,1,1,1,1,1,NA,NA,NA,NA,NA,NA,NA,NA,NA,NA,NA,NA,NA,NA,NA,NA,NA,NA,NA,NA,0
F1,young,RUS,3,C04,0,1,1,1,1,1,1,1,1,1,NA,NA,NA,NA,NA,NA,NA,NA,NA,NA,NA,NA,NA,NA,NA,NA,NA,NA,0
F1,young,RUS,3,C05,0,1,1,1,1,1,1,1,1,NA,NA,NA,NA,NA,NA,NA,NA,NA,NA,NA,NA,NA,NA,NA,NA,NA,NA,NA,0
F1,young,RUS,3,D02,0,1,1,1,1,1,1,1,1,0,NA,NA,NA,NA,NA,NA,NA,NA,NA,NA,NA,NA,NA,NA,NA,NA,NA,NA,0
F1,young,RUS,3,D03,0,0,1,1,1,1,1,1,1,1,NA,NA,NA,NA,NA,NA,NA,NA,NA,NA,NA,NA,NA,NA,NA,NA,NA,NA,0
F1,young,RUS,3,D04,0,1,1,1,1,1,1,1,1,1,NA,NA,NA,NA,NA,NA,NA,NA,NA,NA,NA,NA,NA,NA,NA,NA,NA,NA,0
F1,young,RUS,3,D06,0,1,1,1,0,0,0,0,0,1,NA,NA,NA,NA,NA,NA,NA,NA,NA,NA,NA,NA,NA,NA,NA,NA,NA,NA,0
F1,old,RUS,1,A01,0,1,1,1,1,1,1,1,1,1,1,1,1,1,1,0,NA,NA,NA,NA,NA,NA,NA,NA,NA,NA,NA,NA,1
F1,old,RUS,1,A02,1,1,1,1,1,1,1,1,1,1,1,1,1,0,NA,NA,NA,NA,NA,NA,NA,NA,NA,NA,NA,NA,NA,NA,1
F1,old,RUS,1,A03,1,1,1,1,1,1,0,0,0,NA,NA,NA,NA,NA,NA,NA,NA,NA,NA,NA,NA,NA,NA,NA,NA,NA,NA,NA,1
F1,old,RUS,1,A04,1,1,1,1,1,1,0,0,0,0,0,0,0,0,NA,NA,NA,NA,NA,NA,NA,NA,NA,NA,NA,NA,NA,NA,1
F1,old,RUS,1,A05,1,1,1,1,1,1,1,1,1,1,1,1,1,0,0,0,0,0,0,NA,NA,NA,NA,NA,NA,NA,NA,NA,1
F1,old,RUS,1,A06,0,1,1,1,1,1,1,1,1,1,1,1,NA,NA,NA,NA,NA,NA,NA,NA,NA,NA,NA,NA,NA,NA,NA,NA,1
F1,old,RUS,1,B01,1,1,1,1,1,1,1,1,1,1,1,1,0,0,0,0,NA,NA,NA,NA,NA,NA,NA,NA,NA,NA,NA,NA,1
F1,old,RUS,1,B02,1,1,1,1,1,1,1,1,1,1,1,1,1,1,1,0,0,0,0,0,0,NA,NA,NA,NA,NA,NA,NA,1
F1,old,RUS,1,B03,1,1,1,1,1,1,1,1,1,1,1,1,1,1,0,0,0,NA,NA,NA,NA,NA,NA,NA,NA,NA,NA,NA,1
F1,old,RUS,1,B04,1,1,1,1,1,1,1,1,1,1,1,1,1,0,0,0,0,0,0,0,NA,NA,NA,NA,NA,NA,NA,NA,1
F1,old,RUS,1,B05,1,1,1,1,1,1,1,1,1,1,1,1,1,1,1,1,0,NA,NA,NA,NA,NA,NA,NA,NA,NA,NA,NA,1
F1,old,RUS,1,B06,0,1,1,1,1,1,1,1,1,1,1,1,1,1,1,0,0,NA,NA,NA,NA,NA,NA,NA,NA,NA,NA,NA,0
F1,old,RUS,1,C01,1,1,1,1,1,1,1,1,0,NA,NA,NA,NA,NA,NA,NA,NA,NA,NA,NA,NA,NA,NA,NA,NA,NA,NA,NA,1
F1,old,RUS,1,C02,1,1,1,1,1,1,1,1,1,1,1,1,1,0,0,0,0,0,0,0,NA,NA,NA,NA,NA,NA,NA,NA,1
F1,old,RUS,1,C03,0,1,1,1,1,1,1,1,1,1,1,1,0,0,0,0,0,0,NA,NA,NA,NA,NA,NA,NA,NA,NA,NA,1
F1,old,RUS,1,C04,1,1,1,1,1,1,1,1,1,1,0,0,0,0,NA,NA,NA,NA,NA,NA,NA,NA,NA,NA,NA,NA,NA,NA,1
F1,old,RUS,1,C05,1,1,1,1,1,1,1,1,1,1,1,0,0,0,0,0,0,0,NA,NA,NA,NA,NA,NA,NA,NA,NA,NA,1
F1,old,RUS,1,C06,0,1,1,1,1,1,1,1,1,1,1,0,0,0,0,0,NA,NA,NA,NA,NA,NA,NA,NA,NA,NA,NA,NA,1
F1,old,RUS,1,D01,1,1,1,1,1,1,1,1,1,0,0,0,0,0,0,0,0,NA,NA,NA,NA,NA,NA,NA,NA,NA,NA,NA,1
F1,old,RUS,1,D02,1,1,1,1,1,1,0,0,0,NA,NA,NA,NA,NA,NA,NA,NA,NA,NA,NA,NA,NA,NA,NA,NA,NA,NA,NA,1
F1,old,RUS,1,D03,1,1,1,1,1,1,1,1,1,1,1,1,1,0,0,NA,NA,NA,NA,NA,NA,NA,NA,NA,NA,NA,NA,NA,1
F1,old,RUS,1,D04,1,1,1,1,1,1,1,1,1,1,1,1,0,0,0,NA,NA,NA,NA,NA,NA,NA,NA,NA,NA,NA,NA,NA,1
F1,old,RUS,1,D05,0,1,1,1,1,1,1,1,1,1,1,1,1,0,0,0,0,NA,NA,NA,NA,NA,NA,NA,NA,NA,NA,NA,1
F1,old,RUS,1,D06,0,1,1,1,1,1,1,1,1,1,1,1,1,1,0,0,0,NA,NA,NA,NA,NA,NA,NA,NA,NA,NA,NA,1
F1,old,RUS,2,A01,1,1,1,1,1,1,1,1,1,1,1,1,1,0,0,0,0,0,0,0,NA,NA,NA,NA,NA,NA,NA,NA,1
F1,old,RUS,2,A02,1,1,1,1,1,1,1,1,1,1,1,1,1,0,0,0,0,0,NA,NA,NA,NA,NA,NA,NA,NA,NA,NA,1
F1,old,RUS,2,A03,1,1,1,1,1,1,1,1,1,1,1,1,0,0,0,0,0,0,0,NA,NA,NA,NA,NA,NA,NA,NA,NA,1
F1,old,RUS,2,A04,0,1,1,1,1,1,1,1,1,1,1,1,0,0,0,0,0,NA,NA,NA,NA,NA,NA,NA,NA,NA,NA,NA,1
F1,old,RUS,2,A05,1,1,1,1,1,1,0,NA,NA,NA,NA,NA,NA,NA,NA,NA,NA,NA,NA,NA,NA,NA,NA,NA,NA,NA,NA,NA,1
F1,old,RUS,2,A06,1,1,1,1,1,1,1,1,1,1,1,1,1,0,0,0,0,NA,NA,NA,NA,NA,NA,NA,NA,NA,NA,NA,1
F1,old,RUS,2,B01,1,1,1,1,1,1,1,1,1,1,1,0,NA,NA,NA,NA,NA,NA,NA,NA,NA,NA,NA,NA,NA,NA,NA,NA,1
F1,old,RUS,2,B03,1,1,1,1,1,1,1,1,1,1,0,0,0,0,NA,NA,NA,NA,NA,NA,NA,NA,NA,NA,NA,NA,NA,NA,1
F1,old,RUS,2,B04,1,1,1,1,1,1,1,1,1,1,1,1,1,0,0,0,0,0,0,0,NA,NA,NA,NA,NA,NA,NA,NA,1
F1,old,RUS,2,B05,1,1,1,1,1,1,1,1,0,NA,NA,NA,NA,NA,NA,NA,NA,NA,NA,NA,NA,NA,NA,NA,NA,NA,NA,NA,1
F1,old,RUS,2,B06,0,1,1,1,1,1,1,1,1,1,1,1,0,0,NA,NA,NA,NA,NA,NA,NA,NA,NA,NA,NA,NA,NA,NA,1
F1,old,RUS,2,C01,1,1,1,1,1,1,1,1,1,1,1,1,1,1,1,0,0,0,0,0,NA,NA,NA,NA,NA,NA,NA,NA,1
F1,old,RUS,2,C02,1,1,1,1,1,1,1,1,1,1,0,0,0,0,0,NA,NA,NA,NA,NA,NA,NA,NA,NA,NA,NA,NA,NA,1
F1,old,RUS,2,C03,1,1,1,1,1,1,1,1,1,1,1,1,1,1,0,0,0,0,0,0,NA,NA,NA,NA,NA,NA,NA,NA,1
F1,old,RUS,2,C05,1,1,1,1,1,1,1,1,1,1,1,1,0,0,0,0,NA,NA,NA,NA,NA,NA,NA,NA,NA,NA,NA,NA,1
F1,old,RUS,2,C06,1,1,1,1,1,1,1,1,1,0,0,0,0,0,0,0,NA,NA,NA,NA,NA,NA,NA,NA,NA,NA,NA,NA,1
F1,old,RUS,2,D02,1,1,1,1,1,1,1,1,1,1,1,1,1,1,0,0,0,0,0,NA,NA,NA,NA,NA,NA,NA,NA,NA,1
F1,old,RUS,2,D03,1,1,1,1,1,1,1,1,1,1,1,1,1,0,0,0,NA,NA,NA,NA,NA,NA,NA,NA,NA,NA,NA,NA,1
F1,old,RUS,2,D04,1,1,1,1,1,1,1,1,1,0,0,0,0,0,0,0,0,NA,NA,NA,NA,NA,NA,NA,NA,NA,NA,NA,1
F1,old,RUS,2,D05,1,1,1,1,1,1,1,1,1,1,1,0,0,NA,NA,NA,NA,NA,NA,NA,NA,NA,NA,NA,NA,NA,NA,NA,1
F1,old,RUS,2,D06,1,1,1,1,1,1,1,1,1,1,1,1,1,0,0,0,0,NA,NA,NA,NA,NA,NA,NA,NA,NA,NA,NA,1
F1,old,RUS,3,A01,0,1,1,1,1,1,1,1,1,1,1,1,1,0,0,0,0,0,0,NA,NA,NA,NA,NA,NA,NA,NA,NA,1
F1,old,RUS,3,A02,1,1,1,1,1,1,1,1,1,1,0,0,0,0,0,0,0,NA,NA,NA,NA,NA,NA,NA,NA,NA,NA,NA,1
F1,old,RUS,3,A03,1,1,1,1,1,1,1,1,1,1,1,1,1,1,1,0,0,0,0,NA,NA,NA,NA,NA,NA,NA,NA,NA,1
F1,old,RUS,3,A04,1,1,1,1,1,1,1,1,1,1,0,0,0,0,0,NA,NA,NA,NA,NA,NA,NA,NA,NA,NA,NA,NA,NA,1
F1,old,RUS,3,A05,1,1,1,1,1,1,1,1,1,1,1,1,1,0,NA,NA,NA,NA,NA,NA,NA,NA,NA,NA,NA,NA,NA,NA,1
F1,old,RUS,3,A06,0,1,1,1,1,1,1,1,1,0,0,0,0,0,0,0,0,0,0,NA,NA,NA,NA,NA,NA,NA,NA,NA,1
F1,old,RUS,3,B01,0,1,1,1,1,1,1,1,1,1,1,1,1,1,1,1,0,0,0,NA,NA,NA,NA,NA,NA,NA,NA,NA,1
F1,old,RUS,3,B02,1,1,1,1,1,1,1,1,1,1,1,1,1,1,0,0,0,0,0,0,0,0,NA,NA,NA,NA,NA,NA,1
F1,old,RUS,3,B03,1,1,1,1,1,1,1,1,1,0,0,0,0,0,NA,NA,NA,NA,NA,NA,NA,NA,NA,NA,NA,NA,NA,NA,1
F1,old,RUS,3,B04,1,1,1,1,1,1,1,1,1,1,1,1,1,0,0,0,0,0,0,NA,NA,NA,NA,NA,NA,NA,NA,NA,1
F1,old,RUS,3,B05,1,1,1,1,1,1,1,1,1,0,0,NA,NA,NA,NA,NA,NA,NA,NA,NA,NA,NA,NA,NA,NA,NA,NA,NA,1
F1,old,RUS,3,B06,1,1,1,1,1,1,1,1,1,1,0,0,0,0,0,0,0,0,0,NA,NA,NA,NA,NA,NA,NA,NA,NA,1
F1,old,RUS,3,C01,0,1,1,1,1,1,1,1,1,1,0,0,0,0,0,0,0,NA,NA,NA,NA,NA,NA,NA,NA,NA,NA,NA,1
F1,old,RUS,3,C02,1,1,1,1,1,1,1,0,NA,NA,NA,NA,NA,NA,NA,NA,NA,NA,NA,NA,NA,NA,NA,NA,NA,NA,NA,NA,1
F1,old,RUS,3,C04,0,1,1,1,1,1,1,1,1,1,1,1,1,1,0,0,0,0,0,0,NA,NA,NA,NA,NA,NA,NA,NA,1
F1,old,RUS,3,C05,0,1,1,1,1,1,1,1,1,1,1,1,1,1,0,0,0,0,NA,NA,NA,NA,NA,NA,NA,NA,NA,NA,1
F1,old,RUS,3,C06,0,1,1,1,1,1,1,1,1,1,1,1,1,1,0,0,0,0,0,NA,NA,NA,NA,NA,NA,NA,NA,NA,1
F1,old,RUS,3,D01,1,1,1,1,1,1,1,1,1,1,1,1,1,1,0,0,0,0,0,0,NA,NA,NA,NA,NA,NA,NA,NA,1
F1,old,RUS,3,D02,1,1,1,1,1,1,1,1,1,1,1,1,1,NA,NA,NA,NA,NA,NA,NA,NA,NA,NA,NA,NA,NA,NA,NA,1
F1,old,RUS,3,D03,1,1,1,1,1,1,1,1,1,1,1,1,1,1,0,0,0,0,0,0,0,NA,NA,NA,NA,NA,NA,NA,1
F1,old,RUS,3,D04,1,1,1,1,1,1,1,1,1,1,1,1,1,1,NA,NA,NA,NA,NA,NA,NA,NA,NA,NA,NA,NA,NA,NA,0
F1,old,RUS,3,D05,1,1,1,1,1,1,1,1,1,1,1,1,1,1,0,0,0,0,0,0,NA,NA,NA,NA,NA,NA,NA,NA,1
F1,old,RUS,3,D06,1,1,1,1,1,1,1,1,1,1,1,1,1,1,0,0,0,0,0,0,0,0,NA,NA,NA,NA,NA,NA,1
F1,old,RUS,4,A01,1,1,1,1,1,1,1,1,1,1,1,1,1,1,1,NA,NA,NA,NA,NA,NA,NA,NA,NA,NA,NA,NA,NA,0
F1,old,RUS,4,A02,1,1,1,1,1,1,1,1,1,1,1,0,0,0,0,0,NA,NA,NA,NA,NA,NA,NA,NA,NA,NA,NA,NA,0
F1,old,RUS,4,A03,0,1,1,1,1,1,1,1,1,1,1,1,1,1,0,NA,NA,NA,NA,NA,NA,NA,NA,NA,NA,NA,NA,NA,1
F1,old,RUS,4,A04,1,1,1,1,1,1,1,1,1,1,1,1,1,1,0,0,0,0,0,0,0,0,NA,NA,NA,NA,NA,NA,1
F1,old,RUS,4,A05,0,1,1,1,1,1,1,1,1,1,1,0,0,0,0,0,0,NA,NA,NA,NA,NA,NA,NA,NA,NA,NA,NA,1
F1,old,RUS,4,B02,1,1,1,1,1,1,1,1,1,1,1,0,0,0,NA,NA,NA,NA,NA,NA,NA,NA,NA,NA,NA,NA,NA,NA,1
F1,old,RUS,4,B03,1,1,1,1,1,1,1,1,1,1,1,1,0,0,0,0,0,NA,NA,NA,NA,NA,NA,NA,NA,NA,NA,NA,1
F1,old,RUS,4,B04,0,1,1,1,1,1,1,1,1,1,1,1,0,0,0,0,0,0,NA,NA,NA,NA,NA,NA,NA,NA,NA,NA,1
F1,old,RUS,4,B05,1,1,1,1,1,1,1,1,1,1,1,0,0,0,0,0,NA,NA,NA,NA,NA,NA,NA,NA,NA,NA,NA,NA,1
F1,old,RUS,4,B06,0,1,1,1,1,1,1,1,1,1,1,1,0,0,0,0,0,0,0,0,NA,NA,NA,NA,NA,NA,NA,NA,1
F1,old,RUS,4,C01,1,1,1,1,1,1,1,1,1,0,0,0,0,0,0,NA,NA,NA,NA,NA,NA,NA,NA,NA,NA,NA,NA,NA,1
F1,old,RUS,4,C02,1,1,1,1,1,1,1,1,1,1,1,1,1,NA,NA,NA,NA,NA,NA,NA,NA,NA,NA,NA,NA,NA,NA,NA,1
F1,old,RUS,4,C03,0,1,1,1,1,1,1,0,0,0,0,0,0,NA,NA,NA,NA,NA,NA,NA,NA,NA,NA,NA,NA,NA,NA,NA,1
F1,old,RUS,4,C04,1,1,1,1,1,1,1,1,1,1,0,0,0,0,0,0,0,NA,NA,NA,NA,NA,NA,NA,NA,NA,NA,NA,1
F1,old,RUS,4,C05,1,1,1,1,1,1,1,1,1,1,1,1,1,1,1,0,0,0,0,0,0,NA,NA,NA,NA,NA,NA,NA,1
F1,old,RUS,4,C06,1,1,1,1,1,1,1,1,1,1,0,NA,NA,NA,NA,NA,NA,NA,NA,NA,NA,NA,NA,NA,NA,NA,NA,NA,1
F1,old,RUS,4,D01,1,1,1,1,1,1,1,1,0,0,0,0,NA,NA,NA,NA,NA,NA,NA,NA,NA,NA,NA,NA,NA,NA,NA,NA,1
F1,old,RUS,4,D02,1,1,1,1,1,1,1,1,1,1,1,1,0,0,0,0,0,NA,NA,NA,NA,NA,NA,NA,NA,NA,NA,NA,1
F1,old,RUS,4,D03,1,1,1,1,1,1,1,1,1,1,1,1,1,NA,NA,NA,NA,NA,NA,NA,NA,NA,NA,NA,NA,NA,NA,NA,1
F1,old,RUS,4,D04,1,1,1,1,1,1,1,1,1,1,1,1,0,NA,NA,NA,NA,NA,NA,NA,NA,NA,NA,NA,NA,NA,NA,NA,1
F1,old,RUS,4,D05,0,1,1,1,1,1,1,1,1,1,1,1,0,0,0,0,NA,NA,NA,NA,NA,NA,NA,NA,NA,NA,NA,NA,1
F1,old,RUS,4,D06,1,1,1,1,1,1,1,1,1,1,1,1,1,0,0,0,0,0,0,NA,NA,NA,NA,NA,NA,NA,NA,NA,1
F0,NA,RUS,1,A01,0,1,1,1,1,1,1,1,1,1,1,NA,NA,NA,NA,NA,NA,NA,NA,NA,NA,NA,NA,NA,NA,NA,NA,NA,1
F0,NA,RUS,1,A02,0,1,1,1,1,1,1,1,1,1,1,1,1,1,1,0,0,0,NA,NA,NA,NA,NA,NA,NA,NA,NA,NA,1
F0,NA,RUS,1,A03,0,1,1,1,1,1,1,1,0,NA,NA,NA,NA,NA,NA,NA,NA,NA,NA,NA,NA,NA,NA,NA,NA,NA,NA,NA,1
F0,NA,RUS,1,A04,0,1,1,1,1,1,1,1,1,1,1,0,0,0,NA,NA,NA,NA,NA,NA,NA,NA,NA,NA,NA,NA,NA,NA,1
F0,NA,RUS,1,A06,0,1,1,1,1,1,1,1,1,1,1,1,1,1,1,0,0,NA,NA,NA,NA,NA,NA,NA,NA,NA,NA,NA,1
F0,NA,RUS,1,B01,0,1,1,1,1,1,1,1,1,1,1,1,1,1,1,1,0,0,0,0,0,0,NA,NA,NA,NA,NA,NA,1
F0,NA,RUS,1,B02,0,1,1,1,1,1,1,1,1,1,1,1,1,1,1,1,1,0,NA,NA,NA,NA,NA,NA,NA,NA,NA,NA,1
F0,NA,RUS,1,B03,0,1,1,1,1,1,1,1,1,0,NA,NA,NA,NA,NA,NA,NA,NA,NA,NA,NA,NA,NA,NA,NA,NA,NA,NA,1
F0,NA,RUS,1,B04,0,1,1,1,1,1,1,1,1,1,1,1,1,0,0,NA,NA,NA,NA,NA,NA,NA,NA,NA,NA,NA,NA,NA,1
F0,NA,RUS,1,B05,0,1,1,1,1,1,1,1,1,1,1,1,1,1,1,0,0,0,0,0,0,NA,NA,NA,NA,NA,NA,NA,1
F0,NA,RUS,1,C01,0,1,1,1,1,1,1,1,1,1,1,1,1,1,1,0,0,0,0,0,0,NA,NA,NA,NA,NA,NA,NA,1
F0,NA,RUS,1,C02,0,1,1,1,1,1,1,1,1,1,1,1,1,1,0,0,0,0,0,0,0,NA,NA,NA,NA,NA,NA,NA,1
F0,NA,RUS,1,C03,0,1,1,1,1,1,1,1,1,1,1,1,1,1,1,0,NA,NA,NA,NA,NA,NA,NA,NA,NA,NA,NA,NA,0
F0,NA,RUS,1,C04,0,1,1,1,1,1,1,1,1,1,NA,NA,NA,NA,NA,NA,NA,NA,NA,NA,NA,NA,NA,NA,NA,NA,NA,NA,0
F0,NA,RUS,1,C05,0,1,1,1,1,1,1,1,1,1,1,1,1,1,0,0,0,0,0,0,NA,NA,NA,NA,NA,NA,NA,NA,1
F0,NA,RUS,1,C06,0,1,1,1,1,1,NA,NA,NA,NA,NA,NA,NA,NA,NA,NA,NA,NA,NA,NA,NA,NA,NA,NA,NA,NA,NA,NA,0
F0,NA,RUS,1,D01,0,1,1,1,1,1,1,1,1,1,1,1,NA,NA,NA,NA,NA,NA,NA,NA,NA,NA,NA,NA,NA,NA,NA,NA,1
F0,NA,RUS,1,D02,0,1,1,1,1,1,1,1,1,1,1,0,NA,NA,NA,NA,NA,NA,NA,NA,NA,NA,NA,NA,NA,NA,NA,NA,1
F0,NA,RUS,1,D03,0,1,1,1,1,1,1,1,1,1,1,1,1,1,1,1,0,0,0,0,0,NA,NA,NA,NA,NA,NA,NA,1
F0,NA,RUS,1,D04,0,1,1,1,1,1,1,1,1,1,1,1,1,1,1,1,0,0,0,0,0,0,0,0,NA,NA,NA,NA,1
F0,NA,RUS,1,D05,0,1,1,1,1,1,1,1,1,1,1,1,1,1,1,0,0,0,0,0,NA,NA,NA,NA,NA,NA,NA,NA,1
F0,NA,RUS,1,D06,0,1,1,1,1,1,1,1,1,1,1,1,1,1,1,1,0,0,0,0,NA,NA,NA,NA,NA,NA,NA,NA,1
F0,NA,RUS,2,A01,0,1,1,1,1,1,0,NA,NA,NA,NA,NA,NA,NA,NA,NA,NA,NA,NA,NA,NA,NA,NA,NA,NA,NA,NA,NA,1
F0,NA,RUS,2,A02,0,1,1,1,1,1,1,1,1,0,NA,NA,NA,NA,NA,NA,NA,NA,NA,NA,NA,NA,NA,NA,NA,NA,NA,NA,1
F0,NA,RUS,2,A03,0,1,1,1,1,0,NA,NA,NA,NA,NA,NA,NA,NA,NA,NA,NA,NA,NA,NA,NA,NA,NA,NA,NA,NA,NA,NA,1
F0,NA,RUS,2,A04,0,1,1,1,1,1,1,1,1,1,1,1,1,1,0,0,0,0,0,0,NA,NA,NA,NA,NA,NA,NA,NA,1
F0,NA,RUS,2,A05,0,1,1,1,1,1,1,1,1,1,1,1,1,1,1,0,0,0,NA,NA,NA,NA,NA,NA,NA,NA,NA,NA,1
F0,NA,RUS,2,A06,0,1,1,1,1,1,1,1,1,1,1,1,1,1,0,0,NA,NA,NA,NA,NA,NA,NA,NA,NA,NA,NA,NA,1
F0,NA,RUS,2,B01,0,1,1,1,1,1,1,1,1,1,1,1,1,1,1,0,NA,NA,NA,NA,NA,NA,NA,NA,NA,NA,NA,NA,1
F0,NA,RUS,2,B02,0,1,1,1,1,0,NA,NA,NA,NA,NA,NA,NA,NA,NA,NA,NA,NA,NA,NA,NA,NA,NA,NA,NA,NA,NA,NA,1
F0,NA,RUS,2,B03,0,1,1,1,1,1,NA,NA,NA,NA,NA,NA,NA,NA,NA,NA,NA,NA,NA,NA,NA,NA,NA,NA,NA,NA,NA,NA,1
F0,NA,RUS,2,B04,0,1,1,1,1,1,1,1,0,NA,NA,NA,NA,NA,NA,NA,NA,NA,NA,NA,NA,NA,NA,NA,NA,NA,NA,NA,1
F0,NA,RUS,2,B05,0,1,1,1,1,1,1,1,1,1,1,1,0,0,0,0,0,NA,NA,NA,NA,NA,NA,NA,NA,NA,NA,NA,1
F0,NA,RUS,2,B06,0,1,1,1,1,1,1,1,1,1,1,1,0,0,0,0,0,0,NA,NA,NA,NA,NA,NA,NA,NA,NA,NA,1
F0,NA,RUS,2,C01,0,1,1,1,1,1,1,1,1,1,1,1,NA,NA,NA,NA,NA,NA,NA,NA,NA,NA,NA,NA,NA,NA,NA,NA,0
F0,NA,RUS,2,C02,0,1,1,1,1,1,1,1,1,1,1,0,NA,NA,NA,NA,NA,NA,NA,NA,NA,NA,NA,NA,NA,NA,NA,NA,1
F0,NA,RUS,2,C03,0,1,1,1,1,1,1,1,1,1,1,1,1,1,1,0,0,0,NA,NA,NA,NA,NA,NA,NA,NA,NA,NA,1
F0,NA,RUS,2,C04,0,1,1,1,1,1,1,1,1,1,1,1,1,0,0,0,0,0,0,0,NA,NA,NA,NA,NA,NA,NA,NA,1
F0,NA,RUS,2,C06,0,1,1,1,1,1,1,1,1,1,1,1,0,NA,NA,NA,NA,NA,NA,NA,NA,NA,NA,NA,NA,NA,NA,NA,1
F0,NA,RUS,2,D01,0,1,1,1,1,1,1,1,1,1,1,1,1,1,1,0,0,0,0,NA,NA,NA,NA,NA,NA,NA,NA,NA,1
F0,NA,RUS,2,D02,0,1,1,1,1,1,1,1,0,NA,NA,NA,NA,NA,NA,NA,NA,NA,NA,NA,NA,NA,NA,NA,NA,NA,NA,NA,1
F0,NA,RUS,2,D03,0,1,1,1,1,1,1,1,1,1,1,1,1,1,1,0,0,0,0,NA,NA,NA,NA,NA,NA,NA,NA,NA,1
F0,NA,RUS,2,D04,0,1,1,1,1,1,1,1,1,1,1,1,NA,NA,NA,NA,NA,NA,NA,NA,NA,NA,NA,NA,NA,NA,NA,NA,1
F0,NA,RUS,2,D05,0,1,1,1,1,1,1,0,0,NA,NA,NA,NA,NA,NA,NA,NA,NA,NA,NA,NA,NA,NA,NA,NA,NA,NA,NA,1
F0,NA,RUS,2,D06,0,1,1,1,1,1,1,1,1,1,1,1,1,1,1,0,0,0,0,0,NA,NA,NA,NA,NA,NA,NA,NA,1
F0,NA,RUS,3,A01,0,1,1,1,1,1,1,1,1,1,1,1,1,1,0,NA,NA,NA,NA,NA,NA,NA,NA,NA,NA,NA,NA,NA,1
F0,NA,RUS,3,A03,0,1,1,1,1,1,1,1,1,1,1,1,1,1,1,1,0,0,0,NA,NA,NA,NA,NA,NA,NA,NA,NA,1
F0,NA,RUS,3,A04,0,1,1,1,1,1,1,1,1,1,1,1,1,1,1,1,0,0,0,0,NA,NA,NA,NA,NA,NA,NA,NA,1
F0,NA,RUS,3,A05,0,1,1,1,1,1,1,1,1,1,1,1,1,1,1,0,0,0,0,NA,NA,NA,NA,NA,NA,NA,NA,NA,1
F0,NA,RUS,3,A06,0,1,1,1,1,1,1,1,1,1,1,1,1,1,1,0,0,0,0,0,NA,NA,NA,NA,NA,NA,NA,NA,1
F0,NA,RUS,3,B01,0,1,1,1,1,1,1,1,1,1,1,1,NA,NA,NA,NA,NA,NA,NA,NA,NA,NA,NA,NA,NA,NA,NA,NA,1
F0,NA,RUS,3,B02,0,1,1,1,1,0,NA,NA,NA,NA,NA,NA,NA,NA,NA,NA,NA,NA,NA,NA,NA,NA,NA,NA,NA,NA,NA,NA,1
F0,NA,RUS,3,B03,0,1,1,1,1,1,1,1,1,1,1,1,1,1,1,1,1,0,0,NA,NA,NA,NA,NA,NA,NA,NA,NA,1
F0,NA,RUS,3,B04,0,1,1,1,1,1,1,1,1,1,1,1,1,1,1,0,0,0,0,0,NA,NA,NA,NA,NA,NA,NA,NA,1
F0,NA,RUS,3,B05,0,1,1,1,1,1,1,1,1,1,1,1,1,1,0,0,0,0,0,NA,NA,NA,NA,NA,NA,NA,NA,NA,1
F0,NA,RUS,3,B06,0,1,1,1,1,1,1,1,1,1,1,1,1,1,1,1,1,0,0,0,NA,NA,NA,NA,NA,NA,NA,NA,1
F0,NA,RUS,3,C02,0,1,1,1,1,1,1,1,1,1,1,1,0,0,0,NA,NA,NA,NA,NA,NA,NA,NA,NA,NA,NA,NA,NA,1
F0,NA,RUS,3,C03,0,1,1,1,1,1,1,1,1,1,1,1,0,0,0,0,0,0,NA,NA,NA,NA,NA,NA,NA,NA,NA,NA,1
F0,NA,RUS,3,C04,0,1,1,1,1,1,1,1,1,1,1,1,1,1,1,0,NA,NA,NA,NA,NA,NA,NA,NA,NA,NA,NA,NA,0
F0,NA,RUS,3,C05,0,1,1,1,1,1,1,1,1,1,1,1,1,1,1,1,1,0,NA,NA,NA,NA,NA,NA,NA,NA,NA,NA,1
F0,NA,RUS,3,C06,0,1,1,1,1,1,1,1,1,1,1,1,1,1,1,0,0,0,0,0,0,0,0,NA,NA,NA,NA,NA,0
F0,NA,RUS,3,D01,0,1,1,1,1,1,1,1,0,NA,NA,NA,NA,NA,NA,NA,NA,NA,NA,NA,NA,NA,NA,NA,NA,NA,NA,NA,1
F0,NA,RUS,3,D02,0,1,1,1,1,1,1,1,1,1,1,1,1,1,1,1,0,0,0,0,NA,NA,NA,NA,NA,NA,NA,NA,1
F0,NA,RUS,3,D03,0,1,1,1,1,1,1,1,1,1,1,1,1,1,1,1,1,0,0,NA,NA,NA,NA,NA,NA,NA,NA,NA,1
F0,NA,RUS,3,D04,0,1,1,1,1,1,1,1,1,1,1,1,1,1,1,1,1,0,0,NA,NA,NA,NA,NA,NA,NA,NA,NA,1
F0,NA,RUS,3,D05,0,1,1,1,1,1,1,1,1,1,1,1,1,1,1,1,0,0,0,0,NA,NA,NA,NA,NA,NA,NA,NA,1
F0,NA,RUS,3,D06,0,1,1,1,1,1,1,1,1,1,1,1,1,1,1,0,0,NA,NA,NA,NA,NA,NA,NA,NA,NA,NA,NA,1
F0,NA,RUS,4,A01,0,1,1,1,1,1,1,1,0,0,0,0,NA,NA,NA,NA,NA,NA,NA,NA,NA,NA,NA,NA,NA,NA,NA,NA,0
F0,NA,RUS,4,A03,0,1,1,1,1,1,1,1,1,1,1,1,1,1,1,1,1,0,0,NA,NA,NA,NA,NA,NA,NA,NA,NA,1
F0,NA,RUS,4,A05,0,1,1,1,1,1,1,1,1,1,1,1,1,1,0,0,0,0,0,0,0,NA,NA,NA,NA,NA,NA,NA,1
F0,NA,RUS,4,A06,0,1,1,1,1,1,1,1,1,1,1,1,1,1,0,0,0,NA,NA,NA,NA,NA,NA,NA,NA,NA,NA,NA,0
F0,NA,RUS,4,B01,0,1,1,1,1,1,1,1,1,1,1,1,0,0,NA,NA,NA,NA,NA,NA,NA,NA,NA,NA,NA,NA,NA,NA,0
F0,NA,RUS,4,B03,0,1,1,1,1,1,1,1,1,1,1,0,NA,NA,NA,NA,NA,NA,NA,NA,NA,NA,NA,NA,NA,NA,NA,NA,1
F0,NA,RUS,4,B05,0,1,1,1,1,1,1,1,1,1,1,0,0,0,0,0,0,NA,NA,NA,NA,NA,NA,NA,NA,NA,NA,NA,1
F0,NA,RUS,4,B06,0,1,1,1,1,1,1,1,1,1,1,1,1,1,0,0,0,NA,NA,NA,NA,NA,NA,NA,NA,NA,NA,NA,1
F0,NA,RUS,4,C01,0,1,1,1,1,1,1,1,1,1,1,1,1,1,1,0,0,0,NA,NA,NA,NA,NA,NA,NA,NA,NA,NA,1
F0,NA,RUS,4,C02,0,1,1,1,0,NA,NA,NA,NA,NA,NA,NA,NA,NA,NA,NA,NA,NA,NA,NA,NA,NA,NA,NA,NA,NA,NA,NA,1
F0,NA,RUS,4,C03,0,1,1,1,1,1,1,1,1,1,1,1,1,1,1,0,0,0,NA,NA,NA,NA,NA,NA,NA,NA,NA,NA,1
F0,NA,RUS,4,C04,0,1,1,1,1,1,1,1,1,1,0,0,0,0,0,NA,NA,NA,NA,NA,NA,NA,NA,NA,NA,NA,NA,NA,1
F0,NA,RUS,4,C05,0,1,1,1,1,1,1,1,1,1,1,0,NA,NA,NA,NA,NA,NA,NA,NA,NA,NA,NA,NA,NA,NA,NA,NA,1
F0,NA,RUS,4,D01,0,1,1,1,1,1,1,1,1,1,1,1,1,0,0,0,0,0,0,NA,NA,NA,NA,NA,NA,NA,NA,NA,1
F0,NA,RUS,4,D02,0,1,1,1,1,1,1,1,1,1,1,1,NA,NA,NA,NA,NA,NA,NA,NA,NA,NA,NA,NA,NA,NA,NA,NA,0
F0,NA,RUS,4,D03,0,1,1,1,1,1,1,1,1,1,1,1,1,1,1,1,1,0,0,0,NA,NA,NA,NA,NA,NA,NA,NA,1
F0,NA,RUS,4,D04,0,1,1,1,1,1,1,1,1,1,1,1,1,1,1,0,0,0,0,0,NA,NA,NA,NA,NA,NA,NA,NA,1
F0,NA,RUS,4,D05,0,1,1,1,1,1,1,1,1,1,1,1,1,1,1,1,1,1,1,0,NA,NA,NA,NA,NA,NA,NA,NA,1
F0,NA,RUS,4,D06,0,1,1,1,1,1,1,1,1,1,1,1,1,1,1,0,0,NA,NA,NA,NA,NA,NA,NA,NA,NA,NA,NA,0